Rk,Player,Pos,Age,Tm,G,MP,PER,TS%,3PAr,FTr,ORB%,DRB%,TRB%,AST%,STL%,BLK%,TOV%,USG%,OWS,DWS,WS,WS/48,_1,OBPM,DBPM,BPM,VORP,Player-additional
1,Precious Achiuwa,C,23,TOR,12,245,14,0.493,0.304,0.359,10.3,29,19.2,9.4,0.4,2.9,12.3,20.9,0.1,0.2,0.3,0.063,,-2,-1.8,-3.9,-0.1,achiupr01
2,Steven Adams,C,29,MEM,13,352,16.5,0.572,0,0.446,20.8,24.1,22.5,12.9,1.4,4.2,27.8,12.7,0.3,0.5,0.9,0.117,,-1,0.5,-0.6,0.1,adamsst01
3,Bam Adebayo,C,25,MIA,14,490,17.5,0.59,0.026,0.352,7.8,22.9,15.1,16.1,1.7,2.3,18.1,24.8,0.3,0.7,1,0.097,,-1.1,0.6,-0.6,0.2,adebaba01
4,Ochai Agbaji,SG,22,UTA,6,67,6.6,0.453,0.316,0.368,6.5,9.8,8.1,2,0,0,0,13.7,0,0,0.1,0.039,,-4.7,-3.6,-8.3,-0.1,agbajoc01
5,Santi Aldama,PF,22,MEM,14,388,13.7,0.554,0.447,0.193,7.2,16.7,12,4.5,1.6,4,7.5,14.3,0.5,0.5,1,0.118,,-0.9,0.8,-0.2,0.2,aldamsa01
6,Nickeil Alexander-Walker,SG,24,UTA,9,70,9,0.445,0.481,0.185,0,9.4,4.7,18.9,3.4,3.5,14.6,20.3,-0.1,0.1,0,0.024,,-4.9,1.2,-3.7,0,alexani01
7,Grayson Allen,SG,27,MIL,12,305,12.6,0.616,0.635,0.353,3.1,7.6,5.4,13.9,1.6,0.8,16.2,15.9,0.4,0.4,0.8,0.133,,-0.8,0.8,0,0.1,allengr01
8,Jarrett Allen,C,24,CLE,12,390,18.3,0.595,0.016,0.315,12.6,28.7,20.7,5.4,0.6,3.6,10.7,17.6,0.7,0.6,1.4,0.17,,0.6,0.4,1,0.3,allenja01
9,Jose Alvarado,PG,24,NOP,13,244,13.3,0.589,0.531,0.111,2.3,9.8,6,20.1,2.4,0.8,16.7,17.6,0.2,0.3,0.5,0.096,,-0.8,0.4,-0.3,0.1,alvarjo01
10,Kyle Anderson,PF,29,MIN,10,193,15.3,0.667,0.325,0.325,2.3,13.4,8.1,19.8,2,2.3,14.9,11.7,0.4,0.2,0.6,0.146,,0.8,1.5,2.4,0.2,anderky01
11,Giannis Antetokounmpo,PF,28,MIL,10,326,29.7,0.584,0.156,0.611,5.7,31,18.5,33.3,1.6,3.3,12.4,38.9,0.7,0.8,1.5,0.222,,5.8,3.8,9.6,1,antetgi01
12,Thanasis Antetokounmpo,SF,30,MIL,7,19,1.9,0,0,0,5.4,21.3,13.4,6.4,0,4.3,50,4.4,0,0,0,0.008,,-8.6,1.2,-7.4,0,antetth01
13,Cole Anthony,PG,22,ORL,4,122,14.1,0.52,0.377,0.283,3,13.9,8.8,21.5,1.2,2.3,11.8,23.9,0.1,0.1,0.2,0.077,,-0.2,0.1,-0.1,0.1,anthoco01
14,OG Anunoby,SF,25,TOR,15,532,16,0.563,0.359,0.239,4.2,15.8,9.7,8,3.7,2.8,13.2,21.1,0.3,0.8,1.1,0.096,,-0.8,1.1,0.3,0.3,anunoog01
15,Ryan Arcidiacono,PG,28,NYK,3,6,8.5,0,1,0,0,35.1,17.3,19.3,7.9,0,0,6.9,0,0,0,0.055,,-10.5,11.7,1.3,0,arcidry01
16,Deni Avdija,SF,22,WAS,14,315,8.8,0.491,0.409,0.25,3.2,17.7,10.7,11.8,1.4,2.2,14.8,16.1,-0.2,0.4,0.2,0.037,,-4.4,0.7,-3.7,-0.1,avdijde01
17,Deandre Ayton,C,24,PHO,11,300,17.6,0.604,0.064,0.152,11.2,21.8,16.4,9.1,1.2,1.9,15.3,22.8,0.3,0.4,0.7,0.116,,-0.1,-0.6,-0.7,0.1,aytonde01
18,Udoka Azubuike,C,23,UTA,5,20,29.2,0.833,0,0,10.8,38.3,24.5,7.9,4.8,8.1,25,16.6,0,0.1,0.1,0.235,,3.7,5.3,8.9,0.1,azubuud01
19,Marvin Bagley III,PF,23,DET,2,46,15.8,0.577,0.188,0.188,11.2,9.4,10.3,3.6,1,3.7,10.4,17.5,0.1,0,0.1,0.076,,0.2,-1.7,-1.5,0,baglema01
20,Patrick Baldwin Jr.,SF,20,GSW,2,5,-7.4,0,1,0,0,0,0,0,0,0,0,8.4,0,0,0,-0.214,,-9.8,-6,-15.8,0,baldwpa01
21,LaMelo Ball,PG,21,CHO,2,62,8.9,0.429,0.667,0.083,0,17.7,8.6,37.6,0.8,1.4,15.8,30.1,-0.1,0.1,-0.1,-0.073,,-3.5,-4.2,-7.7,-0.1,ballla01
22,Mo Bamba,C,24,ORL,13,197,16.1,0.585,0.42,0.232,9.2,21,15.5,10.1,0.5,4.3,11.6,18.9,0.3,0.2,0.5,0.126,,-0.1,0.4,0.3,0.1,bambamo01
23,Paolo Banchero,PF,20,ORL,11,381,19.2,0.556,0.223,0.472,2.9,22.8,13.5,17.6,1,2.5,12.4,30.2,0.4,0.4,0.8,0.104,,1,-0.5,0.5,0.2,banchpa01
24,Desmond Bane,SG,24,MEM,12,403,21.7,0.622,0.479,0.268,1.6,14,7.8,22.1,0.8,0.7,10.2,27.3,1.3,0.3,1.6,0.194,,5.4,-0.8,4.6,0.7,banede01
25,Dalano Banton,PG,23,TOR,14,147,20.9,0.576,0.431,0.222,4.3,10.5,7.2,17.6,2.7,6.8,11.2,25.5,0.2,0.2,0.4,0.141,,2.8,1.3,4.1,0.2,bantoda01
26,Dominick Barlow,SF,19,SAS,1,10,6.9,0.333,0.667,0,0,11.5,5.5,39.1,0,0,0,12.4,0,0,0,0.037,,-5.2,-0.5,-5.7,0,barlodo01
27,Harrison Barnes,PF,30,SAC,12,381,11.2,0.543,0.404,0.495,4.4,15.6,10,8.7,1.1,0.7,9.7,15.2,0.3,0.2,0.5,0.068,,-1.6,-1.2,-2.8,-0.1,barneha02
28,Scottie Barnes,PF,21,TOR,14,449,14.6,0.5,0.295,0.142,5.9,17.4,11.3,22.5,1.4,2.2,13.4,20.3,0.2,0.4,0.6,0.065,,0.3,-0.9,-0.6,0.2,barnesc01
29,RJ Barrett,SG,22,NYK,13,441,12.9,0.526,0.346,0.284,3,13.6,8.3,12.7,0.8,0.4,11,24.6,0.1,0.2,0.3,0.037,,-0.7,-2,-2.8,-0.1,barrerj01
30,Will Barton,SG,32,WAS,14,334,10.3,0.494,0.459,0.123,2,13.8,8.1,15.1,1.2,1.1,12.3,19.4,-0.2,0.3,0.2,0.024,,-2.3,-0.5,-2.9,-0.1,bartowi01
31,Charles Bassey,C,22,SAS,5,86,23.2,0.698,0.238,0.286,17.5,33.3,25.2,16.2,1.6,9.4,22.8,14.7,0.2,0.1,0.4,0.201,,1.2,3.7,4.9,0.1,bassech01
32,Keita Bates-Diop,SF,27,SAS,13,177,15,0.58,0.254,0.268,10.3,11.6,11,5.9,1.9,0,15,21.8,0.1,0.1,0.2,0.046,,-0.4,-2.7,-3.1,0,bateske01
33,Nicolas Batum,PF,34,LAC,14,248,9.4,0.52,0.714,0.224,5.2,19,12.5,10.9,1.2,4.7,18.2,11.8,0,0.4,0.4,0.083,,-3.8,2.2,-1.5,0,batumni01
34,Darius Bazley,PF,22,OKC,11,184,16.7,0.479,0.281,0.172,9.9,20,14.8,12.1,2.3,6.7,8,16.8,0.1,0.3,0.4,0.117,,0,1.8,1.8,0.2,bazleda01
35,Bradley Beal,SG,29,WAS,9,316,20,0.611,0.28,0.252,2.1,8.8,5.6,26.8,1.2,2,13.1,25.6,0.6,0.3,0.9,0.138,,3,-0.7,2.3,0.3,bealbr01
36,Malik Beasley,SG,26,UTA,15,384,13.9,0.582,0.658,0.079,2.8,12,7.4,6.6,1.9,0.4,6.5,18.2,0.5,0.4,0.9,0.111,,1.2,-0.3,0.9,0.3,beaslma01
37,MarJon Beauchamp,SF,22,MIL,10,181,9.8,0.54,0.569,0.154,5.7,15.1,10.4,3.3,1.6,0.9,14.7,18.7,-0.1,0.3,0.2,0.063,,-4.2,-0.2,-4.3,-0.1,beaucma01
38,Patrick Beverley,PG,34,LAL,11,309,6.4,0.421,0.63,0.278,3,11.1,7,13.5,1.8,1.4,14.2,9.6,-0.1,0.3,0.2,0.031,,-5.3,1.3,-4,-0.2,beverpa01
39,Saddiq Bey,SF,23,DET,15,474,14.2,0.574,0.48,0.416,3.7,12.1,7.8,7.7,1.3,0.5,9.3,19.9,0.6,0.1,0.7,0.073,,0.2,-1.5,-1.3,0.1,beysa01
40,Khem Birch,C,30,TOR,5,38,13.2,0.799,0.167,0.333,8.3,6.2,7.3,7.1,3.9,2.6,22.5,9.9,0.1,0,0.1,0.16,,-4.1,2.3,-1.8,0,birchkh01
41,Goga Bitadze,C,23,IND,8,105,14.3,0.543,0.259,0.519,13.6,14.5,14.1,15.6,1.8,3.5,15.3,15.2,0.1,0.1,0.2,0.109,,-2.1,0.7,-1.4,0,bitadgo01
42,Bismack Biyombo,C,30,PHO,11,130,14.7,0.581,0,0.333,6.9,25.6,16,6.2,0.8,13.6,18.4,12.7,0.1,0.3,0.3,0.125,,-3.9,3.6,-0.3,0.1,biyombi01
43,Buddy Boeheim,PG,23,DET,1,1,0,,,,0,0,0,0,0,0,,0,0,0,0,-0.031,,-8.1,-2.6,-10.7,0,boehebu01
44,Bojan Bogdanovi?,PF,33,DET,15,468,17.6,0.662,0.515,0.372,1.3,10.8,6,12,0.6,0,12,23.1,1.1,0,1.1,0.109,,3.4,-2.1,1.3,0.4,bogdabo02
45,Bol Bol,PF,23,ORL,14,336,19.3,0.722,0.248,0.267,7.2,27.2,17.8,4.2,0.3,7.6,20.4,18.2,0.5,0.5,1,0.143,,1,1.2,2.2,0.4,bolbo01
46,Leandro Bolmaro,SG,22,UTA,3,21,1.6,0.286,0.286,0,5.2,0,2.6,12.1,4.6,3.9,22.2,17.8,-0.1,0,0,-0.114,,-10.6,0.1,-10.5,0,bolmale01
47,Devin Booker,SG,26,PHO,13,478,21.6,0.586,0.308,0.3,3.1,12.2,7.5,24.9,1.6,1.2,10.6,29.9,1.1,0.5,1.7,0.166,,4.7,-0.4,4.4,0.8,bookede01
48,Brandon Boston Jr.,SG,21,LAC,5,16,21.7,0.597,0.3,0.2,7.4,6.5,6.9,0,0,0,0,30.2,0,0,0,0.125,,5.4,-1.6,3.8,0,bostobr01
49,Chris Boucher,PF,30,TOR,12,268,19.5,0.613,0.392,0.363,10.2,17.3,13.5,4.6,2,4.5,9.9,20.7,0.6,0.3,0.9,0.162,,0.5,-0.7,-0.2,0.1,bouchch01
50,James Bouknight,SG,22,CHO,15,270,5,0.419,0.531,0.163,1.5,12.2,6.7,10.9,1.1,1.3,12.5,18.7,-0.5,0.2,-0.3,-0.055,,-6.1,-1.2,-7.3,-0.3,bouknja01
51,Tony Bradley,C,25,CHI,4,10,13.2,0.532,1,2,11.1,45.8,28.1,0,0,0,0,8,0,0,0,0.159,,0.2,-3.6,-3.4,0,bradlto01
52,Malaki Branham,SF,19,SAS,4,78,5.1,0.392,0.536,0.214,2.8,10.3,6.4,13.4,0.6,0,8.9,17.8,-0.1,0,-0.1,-0.057,,-5.2,-3,-8.2,-0.1,branhma01
53,Christian Braun,SG,21,DEN,12,188,10.1,0.563,0.4,0.15,4.2,11.2,7.8,9.1,1.5,0.9,10.5,10.8,0.2,0.1,0.3,0.078,,-2,0,-2,0,braunch01
54,Mikal Bridges,SF,26,PHO,13,478,16.8,0.645,0.261,0.246,3.8,12.7,8.1,12,1.4,2.5,8.7,15.7,1.1,0.5,1.7,0.167,,2.1,0.6,2.7,0.6,bridgmi01
55,Oshae Brissett,SF,24,IND,7,66,2.6,0.373,0.588,0.235,6.7,11.5,9.1,3.8,0.7,0,17.6,14.1,-0.1,0,-0.1,-0.083,,-5.7,-2.2,-7.9,-0.1,brissos01
56,Malcolm Brogdon,PG,30,BOS,11,253,18.4,0.595,0.342,0.324,4.5,13.9,9.3,23.5,1.2,0.7,14.8,25.9,0.4,0.2,0.6,0.113,,2,-1.1,0.9,0.2,brogdma01
57,Dillon Brooks,SG,27,MEM,11,321,10.5,0.496,0.38,0.129,1.7,11.3,6.5,10.5,1.1,0.6,8.5,24.3,0,0.2,0.2,0.03,,-2.7,-1.4,-4.2,-0.2,brookdi01
58,Bruce Brown,PG,26,DEN,13,360,13.1,0.543,0.363,0.133,5,10.8,7.9,19.3,1.3,1.7,13.7,16.4,0.4,0.2,0.7,0.087,,-0.4,-0.5,-0.8,0.1,brownbr01
59,Greg Brown III,PF,21,POR,4,22,14,0.543,0,0.714,0,5,2.6,0,6.8,8.5,17.9,22.4,-0.1,0.1,0,-0.019,,-5.6,5.3,-0.3,0,browngr01
60,Jaylen Brown,SF,26,BOS,13,478,18.2,0.582,0.349,0.255,2.8,17.5,10.3,15.5,1.2,1,12.4,29.8,0.4,0.4,0.8,0.078,,1,-1.4,-0.4,0.2,brownja02
61,Moses Brown,C,23,LAC,8,32,36.2,0.746,0,0.538,18.4,26.2,22.5,0,0,11.1,0,22.3,0.2,0.1,0.3,0.38,,5.7,1.8,7.5,0.1,brownmo01
62,Troy Brown Jr.,SF,23,LAL,11,302,9.7,0.544,0.467,0.087,3.4,16.3,9.7,4.2,1.4,0,9.5,14.7,0,0.3,0.3,0.047,,-2.9,-0.5,-3.4,-0.1,browntr01
63,Jalen Brunson,PG,26,NYK,13,425,20.6,0.588,0.27,0.323,1.2,10.2,5.6,32.4,1.7,0.4,8.9,23,1.3,0.3,1.6,0.176,,3,-0.2,2.9,0.5,brunsja01
64,Reggie Bullock,SF,31,DAL,12,344,4.2,0.423,0.797,0.078,1.8,10.4,6.2,4.7,2.1,0.5,9.6,9.6,-0.2,0.3,0.1,0.014,,-4.9,0.5,-4.4,-0.2,bullore01
65,Alec Burks,SG,31,DET,2,42,21.6,0.647,0.421,0.684,0,10.3,5,13.2,1.1,0,3.9,25.6,0.2,0,0.2,0.183,,2.8,-1.1,1.7,0,burksal01
66,Jimmy Butler,SF,33,MIA,12,426,25.6,0.616,0.173,0.571,6.9,16.5,11.6,28,2.5,0.7,7.5,23.5,1.8,0.5,2.3,0.262,,5.8,1.7,7.5,1,butleji01
67,John Butler,C,20,POR,1,9,10.1,0.5,0.5,0,0,12.3,6.3,0,0,10.4,0,9.8,0,0,0,0.066,,-2.7,1.5,-1.2,0,butlejo01
68,Jamal Cain,SF,23,MIA,1,2,87.6,1.5,1,0,0,0,0,0,24.6,0,0,22,0,0,0,0.629,,50.1,32.8,82.9,0,cainja01
69,Kentavious Caldwell-Pope,SG,29,DEN,12,372,13.8,0.663,0.55,0.16,1.2,11.6,6.5,11,2.3,1,12.3,14,0.6,0.3,0.9,0.116,,0,0.4,0.4,0.2,caldwke01
70,Facundo Campazzo,PG,31,DAL,3,16,15.6,0.375,0.75,0,0,0,0,25.7,9.5,0,0,11.3,0,0,0.1,0.153,,-0.5,7.7,7.2,0,campafa01
71,Vlatko ?an?ar,PF,25,DEN,6,16,7.6,0.75,0.75,0,0,13.9,7,0,0,0,20,13.4,0,0,0,0.019,,-1.1,-2.8,-3.9,0,cancavl01
72,Clint Capela,C,28,ATL,14,383,20.7,0.605,0,0.235,16.9,28.6,22.7,3.6,1.1,4.6,10.9,15.9,0.8,0.7,1.5,0.186,,1.7,-0.1,1.6,0.3,capelca01
73,Vernon Carey Jr.,C,21,WAS,2,2,-7.9,,,,0,0,0,0,0,0,,0,0,0,0,0.014,,-15.2,-1.1,-16.3,0,careyve01
74,Jevon Carter,PG,27,MIL,13,353,11.8,0.543,0.514,0.112,2.9,6.3,4.6,17.6,2.9,2.1,15.1,15.6,0.2,0.7,0.8,0.114,,-2.5,2.6,0.1,0.2,carteje01
75,Wendell Carter Jr.,C,23,ORL,14,459,17.8,0.625,0.301,0.438,8.4,22.2,15.8,14.6,0.8,1.6,15.7,20.4,0.9,0.5,1.4,0.148,,1.2,0.1,1.3,0.4,cartewe01
76,Alex Caruso,PG,28,CHI,14,353,9,0.471,0.589,0.357,2.5,12.3,7.3,19.1,3,3.5,28.6,11,-0.2,0.6,0.3,0.046,,-3.2,3.3,0.1,0.2,carusal01
77,Justin Champagnie,SF,21,TOR,2,9,31.2,1,0,0,11.7,26.4,18.6,0,0,0,0,14.1,0,0,0.1,0.295,,7.1,0.3,7.4,0,champju01
78,Kennedy Chandler,PG,20,MEM,6,58,5,0.337,0.316,0.211,1.9,9.2,5.5,26.4,1.7,3.2,22.4,19.2,-0.2,0.1,-0.1,-0.094,,-4.9,-1.3,-6.2,-0.1,chandke01
79,Max Christie,SG,19,LAL,8,92,11.1,0.666,0.647,0.235,1.1,23.2,12,5.8,1.5,0,9.6,9.5,0.1,0.1,0.2,0.107,,-1.3,0.4,-0.9,0,chrisma02
80,Josh Christopher,SG,21,HOU,10,85,5.3,0.422,0.378,0.054,4.9,14.5,9.6,12.7,1.7,0,17.4,22,-0.2,0,-0.2,-0.099,,-6.7,-2.7,-9.5,-0.2,chrisjo01
81,Brandon Clarke,PF,26,MEM,14,253,18.7,0.666,0.059,0.435,5.5,17.2,11.4,11.1,0.8,4.4,14.4,19.4,0.6,0.3,0.9,0.161,,-0.4,1.4,1,0.2,clarkbr01
82,Jordan Clarkson,SG,30,UTA,15,455,16.1,0.552,0.506,0.152,5.5,9.9,7.7,23.4,0.5,1.4,12.4,25.7,0.6,0.3,0.9,0.098,,2.9,-1.7,1.2,0.4,clarkjo01
83,Nic Claxton,C,23,BRK,14,384,21,0.681,0.01,0.381,12.3,24.7,18.6,7.1,1.4,6.9,14.6,16.7,0.8,0.7,1.4,0.179,,0.6,0.7,1.2,0.3,claxtni01
84,Amir Coffey,SG,25,LAC,12,107,7.8,0.499,0.211,0.842,3.3,5.9,4.7,8.6,1.4,0.8,10.3,12.1,0,0.1,0.2,0.068,,-4.9,0.4,-4.5,-0.1,coffeam01
85,John Collins,PF,25,ATL,14,442,13.7,0.58,0.297,0.239,5.4,21.2,13.3,4.2,1.1,3.4,11.1,16,0.4,0.6,1.1,0.115,,-1.7,0.5,-1.2,0.1,collijo01
86,Zach Collins,PF,25,SAS,9,159,17,0.596,0.305,0.153,8.1,21.6,14.7,23.4,1.8,5.6,21.3,20.8,0.1,0.2,0.3,0.084,,-1.6,2,0.4,0.1,colliza01
87,Mike Conley,PG,35,UTA,14,424,14.7,0.536,0.563,0.227,1.3,7,4.1,35.2,1.6,0.8,13.5,16,0.9,0.3,1.2,0.14,,1.4,-0.4,0.9,0.3,conlemi01
88,Robert Covington,PF,32,LAC,8,119,10.5,0.579,0.68,0.32,2,22,12.6,10.3,1.2,4.5,14.9,12.5,0.1,0.2,0.3,0.114,,-3.3,2.6,-0.6,0,covinro01
89,Torrey Craig,SF,32,PHO,13,263,12.9,0.576,0.554,0.123,10.2,14,12.1,9.1,1.3,2.5,11.6,12.8,0.4,0.3,0.7,0.127,,0.2,0,0.2,0.1,craigto01
90,Jarrett Culver,SG,23,ATL,2,3,7.4,0.266,0,2,34.9,0,17.5,0,0,0,0,25.9,0,0,0,-0.092,,-2.1,-6.1,-8.2,0,culveja01
91,Cade Cunningham,PG,21,DET,12,400,14.9,0.492,0.272,0.192,3.1,16.7,9.7,32.9,1.2,1.5,13.8,29.4,-0.2,0.1,-0.1,-0.009,,0.4,-1.3,-0.9,0.1,cunnica01
92,Seth Curry,SG,32,BRK,5,97,15.5,0.581,0.675,0.125,1.2,8,4.6,17.5,1.5,0.9,4.5,20.4,0.2,0.1,0.2,0.122,,0.9,-0.5,0.4,0.1,curryse01
93,Stephen Curry,PG,34,GSW,13,449,29.3,0.692,0.573,0.29,2.3,18.6,10.7,31.9,1.5,0.2,10,30.9,2.2,0.4,2.6,0.274,,10.1,0.9,11,1.5,curryst01
94,Dyson Daniels,PG,19,NOP,5,47,21.7,0.717,0.417,0.5,7.1,19.5,13.2,17.3,3.1,4,17,15.9,0.1,0.1,0.2,0.221,,4.1,4,8.1,0.1,daniedy01
95,Anthony Davis,C,29,LAL,12,414,26.3,0.594,0.075,0.327,10.7,23.5,17,13,1.8,4.5,7.2,26.8,1.1,0.6,1.7,0.202,,3.8,0.7,4.6,0.7,davisan02
96,Johnny Davis,SG,20,WAS,5,30,0.2,0.381,0.143,0.286,3.8,10.7,7.3,8.7,0,0,11.3,13.1,0,0,0,-0.03,,-11.1,-1.8,-12.9,-0.1,davisjo06
97,Terence Davis,SG,25,SAC,11,139,16.7,0.592,0.679,0.264,4.3,18.5,11.4,14.4,2.4,1.2,7.8,20,0.3,0.1,0.4,0.14,,1,0.9,1.9,0.1,daviste02
98,JD Davison,PG,20,BOS,1,2,21.7,,,,0,55.1,27.9,57.8,0,0,,0,0,0,0,0.315,,3.8,6.3,10.1,0,davisjd01
99,Dewayne Dedmon,C,33,MIA,12,145,19.2,0.678,0.327,0.327,9.3,23.8,16.4,9,0.3,3.5,9.7,18.8,0.4,0.2,0.6,0.194,,1.1,0.2,1.3,0.1,dedmode01
100,Matthew Dellavedova,PG,32,SAC,3,29,7.1,0.571,0.429,0,4.1,4,4.1,18.1,1.6,0,22.2,13.4,0,0,0,0.037,,-4.8,-0.6,-5.4,0,dellama01
101,DeMar DeRozan,SF,33,CHI,14,473,21.2,0.608,0.089,0.513,1.2,12.1,6.5,21,1.6,1.1,10.4,27.7,1.2,0.5,1.7,0.172,,1.7,0.4,2.1,0.5,derozde01
102,Moussa Diabaté,PF,21,LAC,2,6,37.8,1.042,0,1,0,34.9,18.5,25.7,8.1,0,0,10.7,0,0,0.1,0.528,,7.6,11.6,19.2,0,diabamo01
103,Mamadi Diakite,PF,26,CLE,3,8,5.5,0.333,0.667,0,0,29.2,14.6,0,6.2,0,0,16.2,0,0,0,0.017,,-11.4,2.3,-9.1,0,diakima01
104,Hamidou Diallo,SG,24,DET,15,210,10.4,0.471,0.104,0.455,8.3,13.3,10.8,8.3,1.8,0.8,10.6,20.6,-0.1,0.1,0,0,,-4.2,-1.2,-5.5,-0.2,diallha01
105,Gorgui Dieng,C,33,SAS,7,64,15.3,0.593,0.81,0.19,10.1,16.1,13,25.8,0.7,5.1,23.5,19.2,0.1,0,0.1,0.081,,0.5,1.7,2.2,0.1,dienggo01
106,Ousmane Dieng,SF,19,OKC,9,135,6.8,0.407,0.611,0.056,2.2,13.6,7.7,13.5,0.3,1.3,7.5,12.2,0,0.1,0,0.016,,-3.4,-1.2,-4.6,-0.1,diengou01
107,Spencer Dinwiddie,PG,29,DAL,12,397,19.2,0.629,0.515,0.158,0.9,11.7,6.4,24,1.8,0.5,10.6,22.6,1,0.4,1.4,0.17,,3.8,-0.1,3.6,0.6,dinwisp01
108,Donte DiVincenzo,SG,26,GSW,6,90,3.9,0.606,0.667,0.333,0,9.7,5,14,1,0,34.8,14.8,-0.1,0,-0.1,-0.04,,-6.5,-0.7,-7.2,-0.1,divindo01
109,Luka Don?i?,PG,23,DAL,12,443,33.2,0.6,0.348,0.493,3.3,24.7,14.2,46,2.7,1.6,10.2,39.1,2,0.7,2.7,0.293,,9.1,3.1,12.2,1.6,doncilu01
110,Tyler Dorsey,SG,26,DAL,1,4,107.4,1.125,0.25,0,30.8,29.8,30.3,0,0,0,0,45.3,0.1,0,0.1,1.792,,43.1,9.4,52.5,0.1,dorsety01
111,Luguentz Dort,SG,23,OKC,14,428,12.4,0.499,0.449,0.278,4.7,10.4,7.4,10,2.1,0.8,7.1,20.5,0.2,0.4,0.6,0.071,,-2.6,-0.7,-3.2,-0.1,dortlu01
112,Ayo Dosunmu,PG,23,CHI,13,394,11.7,0.581,0.408,0.104,1.7,12.8,7.1,15.6,1.3,0.9,14.4,16.6,0.2,0.4,0.6,0.075,,-1.9,0.3,-1.6,0,dosunay01
113,Jeff Dowtin,PG,25,TOR,3,23,16.9,0.571,0.143,0,9.2,15.5,12.1,26,0,4.3,12.5,14.7,0.1,0,0.1,0.136,,-0.1,-0.7,-0.8,0,dowtije01
114,Goran Dragi?,PG,36,CHI,14,270,15.3,0.571,0.405,0.147,3.3,7.6,5.4,28.9,0.7,1,13.9,22.7,0.3,0.2,0.5,0.093,,1.8,-1.4,0.5,0.2,dragigo01
115,Andre Drummond,C,29,CHI,8,134,21.8,0.579,0.038,0.283,21.4,43.6,32.3,8.4,2.5,2,19,23.5,0.1,0.3,0.4,0.149,,-0.9,-0.4,-1.2,0,drumman01
116,Chris Duarte,SF,25,IND,9,177,8.8,0.524,0.535,0.169,2.5,9.2,5.9,7.2,0.3,2.1,9.5,19.4,0,0,0,0.012,,-2.1,-2.6,-4.6,-0.1,duartch01
117,David Duke Jr.,SG,23,BRK,8,77,8.6,0.512,0.148,0.111,6,8.6,7.3,9.9,2.6,1.2,17.5,20,-0.1,0.1,0,0.004,,-7.1,-0.4,-7.5,-0.1,dukeda01
118,Kevin Durant,PF,34,BRK,14,518,27.5,0.649,0.245,0.473,1.3,18.5,10.1,26.1,1.2,4.8,12.2,32.5,1.7,0.7,2.4,0.224,,6.5,1.3,7.8,1.3,duranke01
119,Jalen Duren,C,19,DET,12,254,13.2,0.534,0.018,0.491,13.7,22.5,18,2.4,0.8,4.8,15.8,13.5,0.1,0.2,0.2,0.046,,-2.6,-1.3,-3.9,-0.1,durenja01
120,Tari Eason,PF,21,HOU,14,253,18.6,0.525,0.272,0.184,12.5,16.4,14.4,9.9,4.1,2.5,9,19.8,0.3,0.3,0.7,0.123,,1,1,2,0.3,easonta01
121,Anthony Edwards,SG,21,MIN,14,505,13.1,0.546,0.399,0.235,1.6,14.7,8.4,15.7,1.4,0.5,13.8,26,-0.1,0.4,0.3,0.026,,-1.6,-1.5,-3.1,-0.1,edwaran01
122,Kessler Edwards,SF,22,BRK,6,16,6.7,0.3,0.6,0,0,13.8,7,16.4,3.1,0,0,14,0,0,0,-0.014,,-3,-0.2,-3.2,0,edwarke02
123,Joel Embiid,C,28,PHI,10,352,29.2,0.639,0.189,0.587,5.3,27.8,16.6,23.3,0.8,4.7,14.2,37.8,1,0.6,1.5,0.208,,5.4,2.1,7.5,0.9,embiijo01
124,Drew Eubanks,C,25,POR,13,227,14.4,0.705,0,0.452,8.8,15.6,12.3,7.2,1.1,3.7,16.6,11.7,0.4,0.3,0.7,0.154,,-1.6,1.6,0,0.1,eubandr01
125,Bruno Fernando,C,24,HOU,2,37,25.8,0.799,0,0.333,14.2,24.3,19.1,35.8,1.3,4.9,12.7,8.7,0.2,0,0.2,0.277,,5.8,5.1,10.9,0.1,fernabr01
126,Dorian Finney-Smith,PF,29,DAL,12,390,8,0.557,0.647,0.129,4.4,10.4,7.5,3.3,1.3,1.4,14.3,12.2,0,0.3,0.4,0.046,,-2,-0.6,-2.6,-0.1,finnedo01
127,Malachi Flynn,PG,24,TOR,9,95,16.8,0.622,0.561,0.268,1.1,12.5,6.5,14.5,1.5,1.1,9.8,22.6,0.2,0.1,0.3,0.148,,0.4,-0.8,-0.3,0,flynnma01
128,Simone Fontecchio,SF,27,UTA,7,32,4.7,0.469,0.688,0,6.8,13.7,10.2,0,1.5,0,15.8,24.7,-0.1,0,-0.1,-0.078,,-6.6,-4,-10.5,-0.1,fontesi01
129,Bryn Forbes,SG,29,MIN,8,87,8.6,0.423,0.483,0.138,3.9,2.4,3.1,11.9,3.8,0,8.9,16.4,-0.1,0.1,0,0.012,,-4.2,0.9,-3.3,0,forbebr01
130,Trent Forrest,PG,24,ATL,4,14,-0.9,0,0,0,0,15,7.5,23.4,0,0,0,8.9,0,0,0,-0.098,,-8.6,-2.2,-10.8,0,forretr01
131,Evan Fournier,SG,30,NYK,13,260,6.9,0.474,0.633,0.122,0.8,10.1,5.4,11.4,1.6,1.1,12.9,17.3,-0.2,0.2,0,-0.002,,-3.8,-0.4,-4.1,-0.1,fournev01
132,De'Aaron Fox,PG,25,SAC,11,360,24.1,0.638,0.284,0.269,2.3,15.9,9.2,32.5,1.9,1.2,13.7,30.7,0.9,0.3,1.2,0.165,,4.7,-0.1,4.6,0.6,foxde01
133,Wenyen Gabriel,PF,25,LAL,11,149,13.9,0.66,0.143,0.286,4.8,15.1,9.9,7.8,2.5,3.4,16.9,13.4,0.2,0.2,0.4,0.116,,-2.9,2.2,-0.7,0,gabriwe01
134,Daniel Gafford,C,24,WAS,14,206,17.7,0.722,0,0.659,11,18.2,14.7,5.7,1.2,6.4,23,15.9,0.3,0.3,0.6,0.148,,-1.8,1.3,-0.5,0.1,gaffoda01
135,Darius Garland,PG,23,CLE,7,242,17.3,0.533,0.443,0.311,1.9,5.8,3.9,36,2,0.4,13.7,28.8,0.3,0.3,0.6,0.123,,3.1,-1,2.1,0.2,garlada01
136,Usman Garuba,PF,20,HOU,12,183,15.4,0.594,0.182,0.394,15.5,23.3,19.3,10.7,2.9,3.9,26.6,11.8,0.1,0.2,0.4,0.092,,-0.8,0.6,-0.2,0.1,garubus01
137,Rudy Gay,SF,36,UTA,12,189,7,0.445,0.586,0.103,3.4,20.3,11.8,6.8,1.3,2.6,14.2,15.5,-0.2,0.2,0,0.006,,-4.5,0.4,-4.1,-0.1,gayru01
138,Paul George,SF,32,LAC,13,457,19.6,0.577,0.424,0.286,1.5,16.7,9.6,22.6,2.1,1.4,13.8,31.1,0.3,0.7,1,0.107,,1.9,0.7,2.5,0.5,georgpa01
139,Taj Gibson,PF,37,WAS,6,27,20.2,0.588,0.364,0.364,8.4,15.9,12.2,17.1,1.8,0,7.3,22.6,0.1,0,0.1,0.193,,3.1,1.4,4.6,0,gibsota01
140,Josh Giddey,SG,20,OKC,11,333,13.2,0.511,0.248,0.098,4.8,20.8,12.5,26.2,0.7,1.6,20,24.8,-0.3,0.3,0.1,0.009,,-1.3,-1.5,-2.9,-0.1,giddejo01
141,Shai Gilgeous-Alexander,SG,24,OKC,13,467,29,0.633,0.132,0.357,2.4,10.7,6.4,27.8,2.7,3.6,12,32.6,1.6,0.6,2.2,0.23,,6.4,1.8,8.2,1.2,gilgesh01
142,Anthony Gill,PF,30,WAS,13,173,11.3,0.631,0.243,0.162,6.5,8.7,7.6,7.3,0.9,0.5,4.8,10.7,0.3,0.1,0.5,0.13,,-1.8,-0.3,-2.1,0,gillan01
143,Rudy Gobert,C,30,MIN,12,388,19.5,0.654,0.02,0.677,14.4,28,21.5,4.3,0.9,4.4,13.5,16.1,0.9,0.5,1.4,0.178,,0.5,-0.6,-0.1,0.2,goberru01
144,Jordan Goodwin,PG,24,WAS,8,151,20.4,0.659,0.375,0.1,7.5,17,12.4,24,2,4.1,10.7,13.7,0.5,0.2,0.7,0.219,,3.1,3.7,6.9,0.3,goodwjo01
145,Aaron Gordon,PF,27,DEN,13,377,19.4,0.634,0.28,0.424,8.7,17.7,13.2,12,0.9,2.6,9.7,18.6,1,0.3,1.3,0.163,,2.3,-0.7,1.7,0.4,gordoaa01
146,Eric Gordon,SG,34,HOU,12,362,11.6,0.585,0.545,0.259,0.6,6.5,3.4,15.1,1.2,1.2,15,16.6,0.3,0,0.3,0.045,,-0.6,-1.8,-2.4,0,gordoer01
147,Devonte' Graham,PG,27,NOP,13,213,11.4,0.557,0.792,0.189,0.5,7.5,4,18.3,1.6,1.3,9.5,12.6,0.3,0.2,0.5,0.107,,-0.2,0,-0.3,0.1,grahade01
148,Jerami Grant,PF,28,POR,12,428,17.8,0.63,0.382,0.436,3,11.6,7.4,12.3,0.9,2.4,12.1,23,0.9,0.4,1.3,0.145,,2.4,0,2.4,0.5,grantje01
149,A.J. Green,SG,23,MIL,1,2,15.3,,,,0,0,0,61,0,0,,0,0,0,0,0.237,,4.9,2.7,7.6,0,greenaj01
150,Draymond Green,PF,32,GSW,13,390,12,0.57,0.171,0.232,2.7,20.9,12,28.6,1.4,1.6,25.5,13.1,0.3,0.4,0.8,0.092,,-2,2,0,0.2,greendr01
151,Jalen Green,SG,20,HOU,14,481,15,0.551,0.441,0.228,1.7,11.7,6.5,15.6,1.1,0.8,12,27,0.3,0.1,0.4,0.041,,1.4,-2.8,-1.3,0.1,greenja05
152,JaMychal Green,PF,32,GSW,11,187,11.9,0.528,0.408,0.143,12.3,18.6,15.5,5.6,2.5,3.3,17.4,14.2,0,0.3,0.3,0.077,,-3.4,0.2,-3.2,-0.1,greenja01
153,Javonte Green,SG,29,CHI,14,244,15.5,0.64,0.356,0.254,7.2,13.6,10.4,7.6,3.1,3.6,13.2,13.2,0.4,0.4,0.8,0.154,,-0.6,2.9,2.3,0.3,greenja02
154,Jeff Green,PF,36,DEN,13,258,11.5,0.595,0.247,0.37,4.8,10.8,7.8,8,1.1,1,13.3,16.2,0.3,0.2,0.4,0.076,,-2.5,-1.2,-3.7,-0.1,greenje02
155,Josh Green,SG,22,DAL,12,226,14.6,0.755,0.55,0.55,6,8.4,7.2,7.1,2.9,0.4,15.3,11.8,0.5,0.3,0.8,0.167,,0.4,1.6,2,0.2,greenjo02
156,AJ Griffin,SF,19,ATL,10,126,17,0.635,0.491,0.057,4.2,9.2,6.7,6.8,2.2,0,8.4,19.5,0.2,0.1,0.4,0.142,,2.6,0.8,3.4,0.2,griffaj01
157,Blake Griffin,PF,33,BOS,6,72,11.5,0.581,0.444,0.333,9.4,18.4,14,9.2,1.3,0,16.2,15.1,0.1,0.1,0.1,0.097,,-2.4,-1,-3.3,0,griffbl01
158,Quentin Grimes,SG,22,NYK,5,40,3.5,0.506,0.889,0.222,2.6,5.3,3.9,6.3,0,2.3,16.8,12.3,0,0,0,-0.007,,-5,-1.8,-6.8,0,grimequ01
159,Rui Hachimura,PF,24,WAS,14,329,11.5,0.521,0.216,0.209,3.8,18.6,11.4,5.7,0.3,2.1,12.2,23.3,-0.3,0.3,0,0.007,,-3.1,-1.8,-4.9,-0.2,hachiru01
160,Tyrese Haliburton,PG,22,IND,12,410,23.3,0.62,0.467,0.233,3.5,11.7,7.6,46.4,2.5,0.4,15.4,23.3,1.4,0.3,1.7,0.204,,6.4,0.2,6.6,0.9,halibty01
161,Jordan Hall,SF,21,SAS,4,43,1.8,0.375,0.5,0,2.5,8,5.2,18,1.1,0,25,15.4,-0.1,0,-0.1,-0.11,,-7.3,-2.7,-10,-0.1,halljo02
162,R.J. Hampton,PG,21,ORL,12,178,16.8,0.678,0.453,0.321,4.1,7.2,5.7,13.3,2.5,2.1,16.6,17.6,0.4,0.2,0.6,0.152,,1.2,1.5,2.8,0.2,hamptrj01
163,Tim Hardaway Jr.,SG,30,DAL,11,266,11.6,0.505,0.652,0.252,0.5,8.5,4.6,12.8,1.3,0.7,7.9,23.7,0,0.2,0.2,0.041,,-0.7,-1.8,-2.5,0,hardati02
164,James Harden,SG,33,PHI,9,331,23.4,0.591,0.42,0.392,1.8,20.2,11,44.1,1.5,1.7,13.4,26.4,1,0.4,1.4,0.202,,5.1,0.7,5.8,0.7,hardeja01
165,Jaden Hardy,SG,20,DAL,3,10,-28.1,0,0.4,0,0,23.8,12.1,12.6,0,0,28.6,31.7,-0.2,0,-0.2,-0.761,,-25.8,-7.5,-33.3,-0.1,hardyja02
166,Ron Harper Jr.,SF,22,TOR,1,3,-12.9,0,1,0,0,0,0,0,0,0,0,14.1,0,0,0,-0.333,,-13.8,-9,-22.8,0,harpero02
167,Montrezl Harrell,C,29,PHI,12,131,15.6,0.617,0,0.719,7.1,15,11,5.7,1.5,4.2,10.6,16.2,0.2,0.2,0.4,0.147,,-2.3,0.1,-2.2,0,harremo01
168,Joe Harris,SG,31,BRK,12,318,9.5,0.527,0.667,0.057,3.6,11.4,7.6,10.6,1.1,0.9,6.3,13.4,0.2,0.2,0.4,0.065,,-1.6,-0.9,-2.5,0,harrijo01
169,Kevon Harris,SG,25,ORL,10,134,6.7,0.485,0.364,0.424,9,11.1,10.1,5,1.5,0,17,15.2,0,0.1,0.1,0.021,,-4.9,-1.6,-6.4,-0.1,harrike01
170,Tobias Harris,PF,30,PHI,14,472,16.2,0.569,0.432,0.16,3.7,17.6,10.7,13.2,2.3,1.6,7.7,18.7,0.6,0.7,1.2,0.126,,0.9,0.8,1.7,0.4,harrito02
171,Josh Hart,SG,27,POR,13,472,10.9,0.5,0.237,0.423,5.5,21.3,13.6,16.9,1.6,0.4,16.7,12.8,0.2,0.6,0.9,0.09,,-2.4,1.5,-0.9,0.1,hartjo01
172,Isaiah Hartenstein,C,24,NYK,13,326,15.8,0.599,0.177,0.177,15.1,19.4,17.2,5,1.3,4.5,15,12.7,0.5,0.4,0.9,0.131,,-0.9,-0.4,-1.3,0.1,harteis01
173,Udonis Haslem,PF,42,MIA,2,10,6.9,0.387,0,0.667,0,23.8,11.6,0,0,10.1,0,17.1,0,0,0,-0.015,,-6.1,-0.3,-6.4,0,hasleud01
174,Sam Hauser,PF,25,BOS,14,218,15.8,0.708,0.873,0.056,2.1,11.6,6.9,5.2,0.9,1.5,2.7,15.1,0.5,0.1,0.7,0.149,,3.2,-0.7,2.5,0.3,hausesa01
175,Jaxson Hayes,C,22,NOP,5,37,0.7,0.17,0.4,0.4,3,12.4,7.6,9.4,1.3,2.5,14.5,7.9,-0.1,0,0,-0.047,,-7.4,-0.1,-7.5,0,hayesja02
176,Killian Hayes,PG,21,DET,15,311,5.6,0.369,0.317,0.096,2.6,10.4,6.4,24.7,2.2,1.4,18.7,17.9,-0.7,0.1,-0.6,-0.087,,-5.9,-0.7,-6.7,-0.4,hayeski01
177,Gordon Hayward,SF,32,CHO,8,248,15.5,0.568,0.264,0.349,1.7,13.3,7.3,21,1.2,0.7,15.2,24.5,0.1,0.2,0.3,0.057,,0.1,-1.1,-1,0.1,haywago01
178,Juancho Hernangómez,PF,27,TOR,8,90,13.2,0.609,0.556,0.111,4.7,23.7,13.7,13.5,2.2,2.2,17.5,10.7,0.1,0.1,0.2,0.113,,-1,0.9,-0.1,0,hernaju01
179,Willy Hernangómez,C,28,NOP,3,26,10.2,0.505,0.182,0.182,17,35.2,26,5.5,1.9,0,29.6,27.4,-0.1,0,0,-0.073,,-6.9,-3.2,-10.1,-0.1,hernawi01
180,Tyler Herro,SG,23,MIA,10,314,17.8,0.585,0.416,0.201,2.2,22,11.8,14.3,1.1,1.9,11.1,26.5,0.3,0.4,0.6,0.092,,2.5,0.1,2.6,0.4,herroty01
181,Buddy Hield,SG,30,IND,12,378,17.1,0.622,0.686,0.086,4.4,14.7,9.5,15.5,1.1,1.2,11.2,22.1,0.7,0.2,0.9,0.109,,4,-1,3,0.5,hieldbu01
182,Haywood Highsmith,SF,26,MIA,6,29,-2.9,0.167,0.667,0,0,16.4,8,0,5.1,0,33.3,13.7,-0.2,0.1,-0.1,-0.201,,-11.7,2.3,-9.4,-0.1,highsha01
183,George Hill,PG,36,MIL,13,298,7.6,0.506,0.481,0.556,1.7,6.4,4.1,15.2,0.8,0.6,13,10.8,0.2,0.4,0.5,0.086,,-4.4,0.5,-3.9,-0.2,hillge01
184,Malcolm Hill,SF,27,CHI,3,1,12.2,,,,0,100,56.2,0,0,0,,0,0,0,0,0.149,,-4.8,5.2,0.4,0,hillma01
185,Aaron Holiday,PG,26,ATL,14,269,8.5,0.539,0.279,0.148,2.3,5.5,3.9,11.4,1.9,0.9,15.6,11.8,0.1,0.3,0.3,0.059,,-3.4,1,-2.4,0,holidaa01
186,Jrue Holiday,PG,32,MIL,10,331,20.5,0.543,0.399,0.167,4.1,13.4,8.8,40,2.2,1.7,13.9,26.2,0.5,0.6,1.2,0.167,,3.4,1.5,4.9,0.6,holidjr01
187,Justin Holiday,SG,33,ATL,13,252,6.4,0.506,0.7,0,0.4,6.3,3.3,7.5,0.7,1.3,9.1,14.4,-0.1,0.2,0.1,0.025,,-3.3,-0.8,-4,-0.1,holidju01
188,Richaun Holmes,PF,29,SAC,8,102,10.5,0.707,0,0.3,9.3,17.2,13.3,0,0.9,0.8,18.1,11.7,0.1,0.1,0.2,0.084,,-3.4,-1.4,-4.8,-0.1,holmeri01
189,Al Horford,C,36,BOS,11,346,14.7,0.67,0.573,0.09,4.3,18.8,11.6,9.9,0.7,1.9,8,12.8,0.7,0.3,1,0.138,,2.3,0.3,2.6,0.4,horfoal01
190,Talen Horton-Tucker,SG,22,UTA,15,249,14.7,0.489,0.409,0.2,3.9,14.5,9.2,21.6,2.5,1.6,9.8,22.1,0.2,0.3,0.5,0.095,,-0.8,1,0.3,0.1,hortota01
191,Danuel House Jr.,SF,29,PHI,12,202,7.9,0.571,0.6,0.4,2.3,9.1,5.7,6.8,1.5,1.4,12.7,10.5,0.1,0.2,0.3,0.067,,-3.2,-0.1,-3.3,-0.1,houseda01
192,Caleb Houstan,SF,20,ORL,10,172,5,0.505,0.71,0.194,3.5,9.3,6.6,3.8,0.6,0.5,10.6,9.5,0,0.1,0.1,0.032,,-3.3,-0.2,-3.6,-0.1,houstca01
193,Trevor Hudgins,PG,23,HOU,1,4,30.4,1.5,1,0,0,0,0,0,0,0,0,10.2,0,0,0,0.211,,15.5,0.6,16.2,0,hudgitr01
194,Kevin Huerter,SG,24,SAC,12,382,16.4,0.679,0.667,0.25,0.3,10.4,5.4,14.4,1.4,1.1,9.8,18.4,0.8,0.2,1,0.13,,3,-0.6,2.4,0.4,huertke01
195,De'Andre Hunter,SF,25,ATL,14,419,11.3,0.559,0.307,0.256,2.5,11.1,6.8,4.6,0.5,0.4,8.8,21.2,0.3,0.3,0.6,0.065,,-2.1,-1.6,-3.7,-0.2,huntede01
196,Bones Hyland,PG,22,DEN,9,187,15.6,0.551,0.505,0.252,0.6,8.3,4.5,25.1,1.5,1.4,13.6,30.3,0.1,0.1,0.2,0.06,,1.6,-2.1,-0.5,0.1,hylanbo01
197,Serge Ibaka,PF,33,MIL,11,130,12.3,0.618,0.353,0.324,8,20.2,14.1,3.4,0,3.8,15.3,14.6,0.1,0.2,0.3,0.125,,-3.2,0.4,-2.8,0,ibakase01
198,Brandon Ingram,SF,25,NOP,9,293,18.1,0.58,0.218,0.299,1.9,18.3,10,19,1.3,2.5,14.4,28,0.3,0.3,0.6,0.099,,1.2,0.1,1.3,0.2,ingrabr01
199,Kyrie Irving,PG,30,BRK,8,309,20.6,0.566,0.436,0.238,2.2,12.5,7.5,23.2,1.8,2.7,9.1,30.3,0.4,0.3,0.8,0.119,,3,-0.9,2.1,0.3,irvinky01
200,Jaden Ivey,SG,20,DET,14,442,14.8,0.541,0.341,0.335,4.2,12.7,8.3,21.6,2.1,1,14.7,23.1,0.2,0.2,0.4,0.04,,-0.2,-0.5,-0.7,0.1,iveyja01
201,Isaiah Jackson,PF,21,IND,12,221,18,0.648,0.015,0.508,9.9,22.1,16.1,9.3,1.3,6.2,15.9,17.5,0.4,0.3,0.7,0.142,,-1.2,1.2,0,0.1,jacksis01
202,Justin Jackson,SF,27,BOS,3,15,6.8,0.5,0.833,0,0,7.3,3.7,9.1,0,0,0,17.6,0,0,0,0.022,,-1.6,-2.8,-4.4,0,jacksju01
203,Reggie Jackson,PG,32,LAC,14,405,9.2,0.509,0.428,0.123,1.2,7,4.2,22,1.1,0.2,17.1,19.3,-0.2,0.4,0.2,0.02,,-3.7,-1.2,-4.9,-0.3,jacksre01
204,LeBron James,PF,38,LAL,10,357,20.2,0.518,0.324,0.219,5.2,20.9,12.9,34.6,1.5,1.7,12.4,32.3,0,0.4,0.4,0.057,,3.6,0.5,4.1,0.6,jamesle01
205,Ty Jerome,SG,25,GSW,8,120,14.3,0.698,0.533,0.333,1,6.3,3.7,16.6,0.4,0.7,5.5,12.8,0.4,0,0.4,0.162,,1.3,-0.8,0.5,0.1,jeromty01
206,Isaiah Joe,SG,23,OKC,11,67,18.6,0.694,0.76,0.28,0,19.4,9.3,12.5,2.1,1.3,12.5,19.8,0.2,0.1,0.2,0.176,,2.8,1,3.9,0.1,joeis01
207,Cameron Johnson,PF,26,PHO,8,202,17.5,0.592,0.614,0.133,2.8,12.9,7.7,10.2,2.2,1.4,2.2,19.3,0.5,0.3,0.7,0.169,,3.5,0.5,4,0.3,johnsca02
208,Jalen Johnson,SF,21,ATL,14,196,11,0.529,0.333,0.255,3.2,20.4,11.8,6.4,2.4,1.3,11,13.4,0,0.3,0.4,0.088,,-3.3,1.7,-1.6,0,johnsja05
209,James Johnson,PF,35,IND,3,44,7.2,0.458,0.417,0,0,17.3,8.7,12.1,1.1,4.1,0,11.1,0,0,0.1,0.062,,-4.8,1.2,-3.6,0,johnsja01
210,Keldon Johnson,SF,23,SAS,13,426,17.2,0.595,0.511,0.278,2,15.1,8.3,16.8,1.3,0.2,12.9,27.9,0.4,0.2,0.6,0.068,,2.5,-2.3,0.2,0.2,johnske04
211,Keon Johnson,SG,20,POR,6,106,5.5,0.441,0.511,0.133,3.3,12.5,8.1,14.6,2.3,1.8,21.4,25.1,-0.4,0.1,-0.2,-0.093,,-5.9,-0.5,-6.5,-0.1,johnske07
212,Nikola Joki?,C,27,DEN,13,404,29.2,0.681,0.165,0.376,5.6,28.3,17.1,43.3,2.2,1.8,17.1,25.3,1.8,0.6,2.4,0.285,,6.9,4,10.8,1.3,jokicni01
213,Damian Jones,C,27,LAL,9,75,13,0.531,0.048,0.476,12.4,21.4,16.8,5.7,0.6,4.6,16.4,17.1,0,0.1,0.1,0.068,,-4.1,-0.9,-5,-0.1,jonesda03
214,Derrick Jones Jr.,SF,25,CHI,12,173,16.9,0.588,0.244,0.689,8.3,12.6,10.4,5.6,1.4,5.1,3.3,15,0.4,0.2,0.7,0.183,,0.2,1,1.2,0.1,jonesde02
215,Herbert Jones,SF,24,NOP,9,269,11.4,0.55,0.254,0.465,4.9,8.5,6.7,8.7,1.8,1.7,9.5,14.8,0.3,0.3,0.6,0.101,,-2.6,0.6,-2,0,joneshe01
216,Kai Jones,C,22,CHO,7,28,21.4,0.628,0.429,0.571,0,3.9,1.9,10.3,1.7,19,0,13.2,0.1,0.1,0.1,0.194,,1.3,6.5,7.8,0.1,joneska01
217,Tre Jones,PG,23,SAS,13,396,14.2,0.52,0.225,0.261,2.4,11.9,7,30,2.1,0.6,14.5,18.8,0.4,0.2,0.6,0.078,,-1.5,-0.6,-2.1,0,jonestr01
218,Tyus Jones,PG,26,MEM,14,326,14.5,0.525,0.393,0.093,1.3,6.5,3.9,24.3,1.5,0.3,9.9,20.6,0.4,0.2,0.6,0.088,,0.5,-1.3,-0.8,0.1,jonesty01
219,DeAndre Jordan,C,34,DEN,11,148,16.8,0.78,0.032,0.548,11.5,29.3,20.5,7.2,0.3,4.2,28,15.4,0.2,0.2,0.4,0.116,,-1.4,-0.2,-1.5,0,jordade01
220,Cory Joseph,PG,31,DET,12,149,10.9,0.555,0.545,0.333,1.4,6.5,3.9,28.1,1,0.6,11.7,12,0.3,0,0.2,0.078,,-1.9,-1,-3,0,josepco01
221,Nikola Jovi?,PF,19,MIA,4,24,8.4,0.563,0.5,0,4.7,5,4.8,6.5,4.1,0,20,18.4,0,0,0,0.015,,-6.9,-0.1,-7,0,jovicni01
222,Frank Kaminsky,C,29,ATL,5,28,11.5,0.74,0.2,0.8,0,22.6,11.2,13.3,0,0,12.9,11.5,0.1,0,0.1,0.178,,-3.1,2.4,-0.6,0,kaminfr01
223,Trevor Keels,SG,19,NYK,1,1,-25.6,0,1,0,0,100,52,0,0,0,0,41.3,0,0,0,-0.798,,-36.3,-8.7,-44.9,0,keelstr01
224,Luke Kennard,SG,26,LAC,13,295,10.2,0.664,0.6,0.038,1.6,12.8,7.5,4,1.2,0,15.6,14.5,0.1,0.3,0.5,0.077,,-2.1,-0.2,-2.2,0,kennalu01
225,Walker Kessler,C,21,UTA,12,176,20.6,0.651,0,0.429,16.6,22.4,19.5,6.3,0.5,9.2,12.3,13.4,0.4,0.3,0.7,0.2,,0.4,1.8,2.1,0.2,kesslwa01
226,Braxton Key,SF,25,DET,2,7,24.6,1.064,0,2,0,15.4,7.5,0,0,0,0,11.2,0,0,0,0.312,,5,0.7,5.7,0,keybr01
227,Corey Kispert,SF,23,WAS,6,145,13.5,0.706,0.529,0.235,0,9.6,4.9,9.8,1.7,0,9.6,12.7,0.3,0.1,0.4,0.136,,-1,1.2,0.2,0.1,kispeco01
228,Maxi Kleber,C,31,DAL,12,311,7.3,0.515,0.627,0.235,4.4,13.4,9,4.9,1,2.3,12.4,9.4,0.1,0.3,0.4,0.056,,-2.5,0,-2.5,0,klebima01
229,Nathan Knight,PF,25,MIN,5,13,12,0.615,0.5,0.5,0,39.8,20.7,0,7.3,0,29.1,11.2,0,0,0,0.104,,-6.7,4.3,-2.4,0,knighna01
230,Kevin Knox,SF,23,DET,8,65,-3.4,0.292,0.667,0,3.2,9.9,6.5,2.2,0.7,1.3,14.3,18,-0.3,0,-0.3,-0.205,,-10.9,-3.9,-14.9,-0.2,knoxke01
231,Christian Koloko,C,22,TOR,15,256,8.6,0.487,0.059,0.471,9.1,13,10.9,4.1,0.8,7,15.2,12,0,0.2,0.3,0.049,,-6.1,-0.2,-6.3,-0.3,kolokch01
232,John Konchar,SG,26,MEM,13,336,11.5,0.565,0.623,0.026,6.1,16.8,11.5,5.3,1.9,1.1,7.2,10.4,0.4,0.4,0.8,0.11,,-0.6,0.9,0.3,0.2,konchjo01
233,Furkan Korkmaz,SG,25,PHI,5,28,15.4,0.658,0.375,0.75,4.1,12.3,8.3,16.1,0,0,15.8,20.4,0.1,0,0.1,0.138,,-1.4,-1.2,-2.6,0,korkmfu01
234,Luke Kornet,C,27,BOS,10,117,14.9,0.612,0.143,0.381,12.6,16,14.3,13.3,0.8,5.7,19.7,11.5,0.2,0.1,0.4,0.153,,-0.5,1.4,0.9,0.1,kornelu01
235,Vit Krejci,PG,22,ATL,6,14,18.9,0.8,0.8,0,0,15,7.5,10.2,0,0,0,14.8,0.1,0,0.1,0.239,,2.9,0.6,3.5,0,krejcvi01
236,Jonathan Kuminga,PF,20,GSW,11,155,6.7,0.532,0.319,0.319,4.5,9.8,7.2,6.8,0.9,1.7,19.5,18.1,-0.1,0.1,0,-0.014,,-5.7,-1.5,-7.3,-0.2,kuminjo01
237,Kyle Kuzma,PF,27,WAS,14,461,14.7,0.553,0.421,0.254,2.9,23,13.3,13.1,0.3,1.5,12.1,25.4,0.1,0.5,0.6,0.059,,-0.6,-1,-1.6,0,kuzmaky01
238,Anthony Lamb,SF,25,GSW,6,123,15.5,0.794,0.647,0,3.7,13.3,8.6,11.4,1.5,0,12.8,13.4,0.3,0.1,0.4,0.153,,2.1,0.9,3,0.2,lamban01
239,Jock Landale,C,27,PHO,13,194,18,0.561,0.32,0.32,13.3,20.8,17,8.4,1,4.8,9.5,21.2,0.4,0.3,0.7,0.161,,-1.3,-0.3,-1.6,0,landajo01
240,Romeo Langford,SG,23,SAS,7,114,6.5,0.458,0.226,0.129,9.4,4,6.8,3.5,1.2,1.4,13.2,13.7,-0.1,0,0,-0.019,,-4.7,-1.8,-6.5,-0.1,langfro01
241,Jake LaRavia,PF,21,MEM,11,206,9.5,0.61,0.66,0.106,4.7,16,10.4,4.9,1.4,1.3,15.5,11.7,0.2,0.2,0.4,0.088,,-2.7,0.5,-2.2,0,laravja01
242,Zach LaVine,SG,27,CHI,10,338,17.6,0.575,0.456,0.257,1.6,11.5,6.5,19.8,1.8,0.3,10.4,26.9,0.4,0.3,0.8,0.112,,1.7,-0.1,1.6,0.3,lavinza01
243,Damion Lee,SG,30,PHO,13,249,11.4,0.605,0.667,0.203,2.3,12.9,7.4,7.5,1.6,0,8.5,14.3,0.3,0.3,0.6,0.114,,0.1,0.1,0.2,0.1,leeda03
244,Alex Len,C,29,SAC,3,8,-2.8,0.266,0,2,0,29.2,14.7,0,0,0,0,10.2,0,0,0,-0.083,,-10.2,-3.2,-13.4,0,lenal01
245,Kawhi Leonard,SF,31,LAC,2,42,20.5,0.569,0.333,0.5,11.2,22.4,17.1,15.2,3.5,0,15.4,27.5,0,0.1,0.1,0.152,,1.1,3,4.1,0.1,leonaka01
246,Caris LeVert,SG,28,CLE,13,451,12,0.514,0.378,0.263,4.2,11.9,8,21.6,1.1,0.4,13.4,19.3,0.4,0.5,0.9,0.092,,-0.9,-0.1,-1,0.1,leverca01
247,Damian Lillard,PG,32,POR,8,283,24.5,0.656,0.553,0.539,3.7,12.1,8,30,0.9,0.7,16.3,32.4,1,0.3,1.2,0.205,,7.3,-0.7,6.5,0.6,lillada01
248,Nassir Little,PF,22,POR,13,199,14.9,0.649,0.459,0.197,2.4,15.5,9.2,9.5,1,0.9,9.6,16.2,0.3,0.2,0.5,0.133,,1.4,0.4,1.8,0.2,littlna01
249,Isaiah Livers,PF,24,DET,13,250,8.5,0.542,0.813,0.25,4.1,11.2,7.6,4.7,0.8,2.1,9,13,0.1,0,0.2,0.032,,-1.6,-1.2,-2.8,-0.1,liveris01
250,Kenneth Lofton Jr.,PF,20,MEM,3,14,11.1,0.436,0.111,0.333,7.7,7.6,7.6,11.9,0,0,0,30.6,0,0,0,0.003,,-2.5,-3.9,-6.4,0,loftoke01
251,Kevon Looney,C,26,GSW,14,336,14.7,0.62,0,0.219,11,20.7,16,17.4,0.7,1.8,9.1,9.7,0.9,0.3,1.2,0.174,,0,1.3,1.2,0.3,looneke01
252,Brook Lopez,C,34,MIL,13,409,16.8,0.593,0.513,0.165,6.8,13.6,10.2,5,0.9,6.4,11,19.3,0.5,0.8,1.3,0.149,,0.4,1.4,1.8,0.4,lopezbr01
253,Robin Lopez,C,34,CLE,8,75,15.3,0.727,0,0.333,11,9.3,10.1,6,0,2.5,16.2,14.2,0.2,0.1,0.2,0.155,,-0.9,-0.6,-1.5,0,lopezro01
254,Kevin Love,PF,34,CLE,13,276,20.6,0.617,0.717,0.301,5.5,35.5,20.6,18.4,0.4,1,10.5,22.4,0.8,0.4,1.2,0.207,,5.7,1,6.7,0.6,loveke01
255,Kyle Lowry,PG,36,MIA,14,494,13.4,0.577,0.63,0.355,2.1,13.8,7.7,23.5,1.6,1.2,16.3,17,0.6,0.5,1.1,0.104,,-0.1,0.5,0.5,0.3,lowryky01
256,Trey Lyles,PF,27,SAC,10,143,10.8,0.546,0.765,0.176,3.3,17.1,10.3,9.7,1.3,3,15.4,19.7,-0.1,0.1,0.1,0.017,,-1.3,-0.8,-2.1,0,lylestr01
257,Théo Maledon,PG,21,CHO,14,198,13.3,0.674,0.455,0.295,0.5,16.1,8.1,21.9,1.7,1.3,23.2,13.8,0.2,0.2,0.4,0.101,,-1.8,0.9,-0.9,0.1,maledth01
258,Sandro Mamukelashvili,C,23,MIL,5,25,4.3,0.35,0.5,0,8.3,20.2,14.3,5.7,0,0,9.1,18.3,-0.1,0,0,-0.038,,-5.6,-3.3,-8.9,0,mamuksa01
259,Terance Mann,SG,26,LAC,14,256,13.9,0.631,0.319,0.261,3.7,13.9,9.1,13,1.3,1.4,13.5,15.4,0.3,0.3,0.7,0.128,,-1.7,0.9,-0.8,0.1,mannte01
260,Tre Mann,PG,21,OKC,13,313,11.8,0.5,0.526,0.117,3.2,10.4,6.7,12.6,1.8,0.3,8.3,20.7,0,0.3,0.3,0.048,,-1.8,-1.2,-2.9,-0.1,manntr01
261,Boban Marjanovi?,C,34,HOU,6,19,11.9,0.565,0,1.25,5.5,29.5,17.1,7.4,2.5,0,24.4,17.6,0,0,0,0.014,,-3.2,-0.6,-3.8,0,marjabo01
262,Lauri Markkanen,SF,25,UTA,15,496,21.4,0.631,0.388,0.267,7,21.4,14.2,10.4,0.8,2.3,10.4,24.2,1.2,0.6,1.8,0.178,,3.6,-0.5,3.1,0.6,markkla01
263,Naji Marshall,SF,25,NOP,13,256,11.1,0.533,0.351,0.221,5.6,10.7,8.1,9.3,1.7,1.1,12.4,15.9,0.1,0.2,0.4,0.069,,-1.7,-0.7,-2.4,0,marshna01
264,Caleb Martin,PF,27,MIA,13,377,11.4,0.524,0.333,0.108,7.5,10.4,8.9,9.2,2.2,0.8,9.3,13.8,0.3,0.4,0.7,0.083,,-1.1,0.1,-1,0.1,martica02
265,Cody Martin,SF,27,CHO,1,1,0,,,,0,0,0,0,0,0,,0,0,0,0,-0.004,,-5.1,-1.8,-6.9,0,martico01
266,Kenyon Martin Jr.,SF,22,HOU,14,352,14.4,0.605,0.43,0.263,5.4,16.6,10.8,9.7,0.8,2.1,11.8,16.7,0.5,0.1,0.6,0.085,,0.3,-1.3,-1,0.1,martike04
267,Tyrese Martin,SG,23,ATL,6,15,17.9,0.7,0.4,0,7,0,3.5,0,3.1,0,0,13.8,0,0,0.1,0.187,,2.3,1.2,3.5,0,martity01
268,Garrison Mathews,SG,26,HOU,13,154,6.8,0.549,0.976,0.19,0.7,7.3,3.9,4.5,1.2,0.6,9.9,13.4,0.1,0,0.1,0.028,,-3.3,-1.5,-4.7,-0.1,mathega01
269,Bennedict Mathurin,SG,20,IND,12,338,17.2,0.625,0.469,0.444,4.9,10.3,7.6,12.3,0.7,0.3,13.2,26.6,0.7,0.1,0.7,0.104,,2.9,-2.4,0.4,0.2,mathube01
270,Wesley Matthews,SG,36,MIL,13,212,6.5,0.434,0.771,0.125,6.3,8.1,7.2,5,2,1.6,10.6,11.1,-0.1,0.4,0.3,0.067,,-4.5,1.6,-2.9,0,matthwe02
271,Tyrese Maxey,SG,22,PHI,14,525,16.2,0.555,0.375,0.23,1.3,9.2,5.3,19.9,1.4,0.5,9.2,27.2,0.4,0.5,0.9,0.08,,0.7,-1.5,-0.7,0.2,maxeyty01
272,Miles McBride,PG,22,NYK,4,10,-6.8,0,1,1,0,0,0,23.1,0,0,0,11.9,0,0,0,-0.231,,-10.9,-3.4,-14.4,0,mcbrimi01
273,CJ McCollum,SG,31,NOP,13,467,14,0.463,0.361,0.118,3.1,14.2,8.6,25.5,1.9,1.6,10.1,25.2,0,0.5,0.5,0.051,,-0.4,-0.4,-0.9,0.1,mccolcj01
274,T.J. McConnell,PG,30,IND,11,175,8.3,0.387,0.038,0.057,3.8,11.8,7.8,27.4,3.5,1.6,24.9,16.9,-0.3,0.2,-0.1,-0.033,,-5.1,1.4,-3.6,-0.1,mccontj01
275,Jaden McDaniels,PF,22,MIN,14,414,12.7,0.645,0.33,0.266,5.4,6.7,6.1,5.3,1.9,3.9,14.7,14.5,0.4,0.4,0.8,0.092,,-2,0.3,-1.7,0,mcdanja02
276,Jalen McDaniels,SF,25,CHO,15,395,12.9,0.551,0.4,0.168,4.5,16.2,10.2,12.3,2.1,2.2,13,16.5,0.2,0.5,0.7,0.083,,-1.3,0.9,-0.3,0.2,mcdanja01
277,Doug McDermott,SF,31,SAS,14,296,9.7,0.575,0.602,0.124,1.5,9.7,5.4,8.7,0.2,0.8,11.2,18.7,0.1,0,0.1,0.013,,-1.1,-3,-4.2,-0.2,mcderdo01
278,JaVale McGee,C,35,DAL,10,94,14.2,0.532,0,0.531,14.4,24.1,19.3,3.4,1.6,4.8,21.8,24.4,-0.1,0.2,0,0.023,,-4.9,-1.2,-6.1,-0.1,mcgeeja01
279,Bryce McGowens,SG,20,CHO,5,30,20.2,0.714,0.333,0.556,0,7.3,3.6,5,3.2,2.9,8.2,17.1,0.1,0,0.1,0.2,,1.3,2.6,3.8,0,mcgowbr01
280,Rodney McGruder,SG,31,DET,5,21,4.4,0.317,0.571,0.286,9.8,10.3,10,6.5,0,0,0,15.7,0,0,0,-0.058,,-3.7,-4.7,-8.4,0,mcgruro01
281,Jordan McLaughlin,PG,26,MIN,12,187,11.3,0.446,0.475,0.15,2.4,11.1,6.9,31,1.5,0.5,15.8,11.4,0.2,0.1,0.3,0.072,,-1.6,-0.3,-1.9,0,mclaujo01
282,De'Anthony Melton,PG,24,PHI,12,293,15.1,0.525,0.495,0.072,5.5,14.6,10.1,16.5,3.2,1.9,9.9,17.1,0.2,0.5,0.7,0.109,,-0.2,2.3,2.1,0.3,meltode01
283,Chimezie Metu,C,25,SAC,8,93,14.1,0.548,0.313,0.188,2.6,22.6,12.7,12.4,1.5,0.9,5.5,17.1,0.1,0.1,0.2,0.093,,-1.7,-0.4,-2.1,0,metuch01
284,Patty Mills,PG,34,BRK,14,180,12.5,0.59,0.783,0.167,2.5,4.3,3.4,9.6,0.8,0.5,4.5,16.8,0.3,0.1,0.4,0.096,,1.2,-2.2,-1,0,millspa02
285,Shake Milton,SG,26,PHI,10,124,6.3,0.492,0.189,0.162,4.7,13.9,9.3,16.9,0,1.5,23.2,18.8,-0.2,0.1,-0.1,-0.037,,-6,-1.8,-7.8,-0.2,miltosh01
286,Davion Mitchell,PG,24,SAC,12,226,7.4,0.552,0.514,0.042,0.5,7.7,4.2,12.9,1.3,0,17.9,17.1,-0.2,0.1,-0.1,-0.014,,-4.1,-1.8,-5.9,-0.2,mitchda01
287,Donovan Mitchell,SG,26,CLE,11,430,25.7,0.649,0.442,0.267,3,11.1,7.1,28,1.7,1.5,12.1,30.8,1.5,0.6,2.1,0.236,,7.7,1.4,9.1,1.2,mitchdo01
288,Evan Mobley,PF,21,CLE,13,441,15.6,0.592,0.078,0.34,8.3,17.7,13,9.5,1.3,3.8,16.1,19,0.4,0.7,1.1,0.123,,-1.2,1.3,0.1,0.2,mobleev01
289,Isaiah Mobley,PF,23,CLE,1,4,30.4,1.5,1,0,0,29.2,14.6,0,0,0,0,10.8,0,0,0,0.282,,12.2,4.4,16.6,0,mobleis01
290,Chima Moneke,SF,27,SAC,1,6,-0.1,0,0,2,39.6,0,19.6,19.3,0,0,0,13.6,0,0,0,-0.088,,-8.2,-7.1,-15.3,0,monekch01
291,Malik Monk,SG,24,SAC,12,262,15.7,0.571,0.589,0.25,2.3,9.8,6.1,28.3,0.9,1.3,13.9,23.9,0.4,0.1,0.5,0.09,,1.9,-1.8,0.2,0.1,monkma01
292,Moses Moody,SG,20,GSW,12,212,8.6,0.564,0.619,0.254,2.7,10.8,6.9,5.6,1.3,2.1,17.6,16.9,-0.1,0.2,0,0.01,,-2.6,-1.2,-3.8,-0.1,moodymo01
293,Wendell Moore Jr.,SG,21,MIN,1,2,-43.5,0,1,0,0,0,0,0,0,0,50,42.2,0,0,0,-1.182,,-29,-14.7,-43.7,0,moorewe01
294,Ja Morant,PG,23,MEM,12,395,25.6,0.584,0.242,0.393,3.5,15.9,9.8,36.6,1.5,0.9,14,36.1,1.1,0.4,1.4,0.175,,6,0.1,6,0.8,moranja01
295,Marcus Morris,PF,33,LAC,12,371,15.6,0.614,0.475,0.05,1.9,18.3,10.6,11.2,1.3,1,8.3,18.8,0.5,0.5,1,0.133,,0.5,0.8,1.3,0.3,morrima03
296,Markieff Morris,PF,33,BRK,8,77,5.6,0.455,0.682,0,3,20,11.7,15.9,1.3,2.4,24.1,16.9,-0.1,0.1,-0.1,-0.033,,-5.2,-0.1,-5.3,-0.1,morrima02
297,Monte Morris,PG,27,WAS,14,386,13.1,0.499,0.345,0.186,2.1,13,7.7,25.8,1.3,0.9,9.6,15.5,0.4,0.4,0.7,0.092,,-1,0.2,-0.8,0.1,morrimo01
298,Trey Murphy III,SF,22,NOP,13,371,14.5,0.638,0.664,0.206,5.1,12.6,8.8,6.4,1.6,1.3,7.9,14.4,0.8,0.4,1.1,0.146,,1.5,-0.3,1.3,0.3,murphtr02
299,Dejounte Murray,SG,26,ATL,14,512,20.4,0.53,0.303,0.142,2.5,16,9.2,31.4,2.7,1,10.1,25.5,0.7,0.8,1.5,0.139,,3.1,1.6,4.6,0.9,murrade01
300,Jamal Murray,PG,25,DEN,12,344,14.5,0.512,0.309,0.146,2.6,11,6.8,21.9,1.7,0,11.7,26.6,0,0.2,0.2,0.034,,-1.1,-2.3,-3.4,-0.1,murraja01
301,Keegan Murray,SF,22,SAC,11,352,10.4,0.584,0.603,0.078,2.7,10.9,6.9,5.2,1.6,2.2,13.7,17.1,-0.1,0.3,0.2,0.029,,-1.5,-1,-2.5,0,murrake02
302,Mike Muscala,C,31,OKC,11,152,15.2,0.572,0.645,0.226,4.6,27.8,15.8,7.2,0,3.5,8.1,20.2,0.2,0.2,0.4,0.12,,0,-1.3,-1.3,0,muscami01
303,Svi Mykhailiuk,SF,25,NYK,3,6,52.8,1.308,1,0.333,0,35.1,17.3,0,0,0,22.5,30.6,0,0,0,0.034,,32.7,6.5,39.2,0.1,mykhasv01
304,Larry Nance Jr.,PF,30,NOP,12,278,18.4,0.698,0.107,0.16,8.4,19.3,13.8,13.7,1.7,2,14.8,14.3,0.7,0.4,1,0.175,,1.1,1.2,2.3,0.3,nancela02
305,Andrew Nembhard,SG,23,IND,11,221,10.7,0.551,0.547,0.078,2,10.3,6.2,22.6,1.7,0.4,15.3,14.4,0.2,0.1,0.3,0.071,,-1.7,0,-1.7,0,nembhan01
306,Aaron Nesmith,SF,23,IND,8,169,9.1,0.536,0.528,0.208,2,14.8,8.4,11.3,0.6,3.8,13.5,16.1,0,0.1,0.1,0.035,,-3.1,-0.3,-3.4,-0.1,nesmiaa01
307,Raul Neto,PG,30,CLE,8,91,12.1,0.525,0.36,0.24,2.6,12.8,7.7,19.5,2.2,0,12.6,15.1,0.1,0.1,0.2,0.117,,-2.8,1.8,-1,0,netora01
308,Georges Niang,PF,29,PHI,14,253,13.3,0.664,0.788,0.082,1.4,10.5,5.9,6.1,1,2.2,10.2,17.5,0.3,0.2,0.6,0.105,,1.1,-0.7,0.5,0.2,niangge01
309,Daishen Nix,PG,20,HOU,12,167,8.6,0.556,0.667,0.111,1.9,8.7,5.2,22.1,2.6,0.5,31,13.4,-0.1,0.1,0,-0.002,,-2.5,-0.8,-3.3,-0.1,nixda01
310,Zeke Nnaji,PF,22,DEN,8,31,13.6,0.576,0.231,0.154,14.6,10.7,12.7,0,3.1,0,12.6,21.9,0,0,0.1,0.092,,-6.7,-1.5,-8.2,0,nnajize01
311,Nerlens Noel,C,28,DET,4,54,7.3,0.4,0,0.333,3.8,25.9,14.6,7.9,2.7,1.6,17.9,13,-0.1,0.1,0,-0.024,,-5,0.7,-4.2,0,noelne01
312,Jaylen Nowell,SG,23,MIN,14,254,14.3,0.499,0.382,0.132,3.5,12.6,8.3,19.7,1.3,0.7,7.9,27.5,0,0.2,0.2,0.038,,-0.8,-1.8,-2.6,0,nowelja01
313,Frank Ntilikina,PG,24,DAL,1,4,-15.6,0,1,0,0,59.6,30.3,31.6,0,0,0,34,-0.1,0,-0.1,-0.636,,-21.1,-6.4,-27.5,0,ntilila01
314,Kendrick Nunn,PG,27,LAL,11,148,0.8,0.375,0.515,0.044,0.7,10.8,5.7,13.6,0.6,0.6,17.8,24,-0.7,0.1,-0.6,-0.187,,-8.3,-3.3,-11.6,-0.4,nunnke01
315,Jusuf Nurki?,C,28,POR,10,295,17.8,0.585,0.113,0.33,12.4,30.3,21.6,13.3,1.5,2.5,18.4,20.3,0.3,0.5,0.9,0.143,,-0.6,1,0.4,0.2,nurkiju01
316,Jordan Nwora,SF,24,MIL,13,236,7.4,0.432,0.5,0.174,4.8,18.4,11.7,7.8,0.8,0.3,9.7,18,-0.2,0.4,0.2,0.034,,-4.4,-0.6,-5,-0.2,nworajo01
317,Royce O'Neale,SF,29,BRK,14,509,10.3,0.514,0.604,0.104,3.6,10.6,7.2,15.4,1.8,1.6,10.8,13.8,0.3,0.5,0.7,0.07,,-1.3,0.1,-1.3,0.1,onealro01
318,Chuma Okeke,PF,24,ORL,14,294,12.3,0.563,0.676,0.25,8.2,14.8,11.7,10.2,1,2.3,9.6,12.3,0.5,0.3,0.7,0.118,,0,0.4,0.4,0.2,okekech01
319,Josh Okogie,SG,24,PHO,12,63,3.7,0.361,0.5,0.429,5.3,20.8,12.8,2,3.2,2.9,23.1,14.9,-0.2,0.1,-0.1,-0.05,,-8.3,1.2,-7.1,-0.1,okogijo01
320,Onyeka Okongwu,C,22,ATL,13,257,18,0.674,0.014,0.208,9.8,20.1,14.9,7,1.3,3.6,9.2,13.9,0.7,0.4,1,0.194,,-0.7,1.1,0.4,0.2,okongon01
321,Isaac Okoro,SG,22,CLE,13,205,1.5,0.412,0.389,0.333,2.9,8,5.4,3.1,1.7,0.5,21,11.1,-0.3,0.2,-0.1,-0.019,,-8.5,0.4,-8.1,-0.3,okorois01
322,KZ Okpala,PF,23,SAC,6,39,2.4,0.3,0.8,0,6.1,12,9.1,6.1,0,0,0,5.6,0,0,0,0.008,,-4.5,-2.3,-6.8,0,okpalkz01
323,Kelly Olynyk,PF,31,UTA,15,402,14.7,0.673,0.387,0.336,4.9,12.8,8.8,16.2,2.3,1.4,21.8,18.1,0.6,0.5,1.1,0.126,,-0.7,1.2,0.5,0.2,olynyke01
324,Eugene Omoruyi,SF,25,OKC,6,69,16.3,0.697,0.423,0.423,7.3,11,9.1,4.2,0.7,0,11.5,20.9,0.2,0,0.2,0.157,,-0.4,-1.6,-1.9,0,omorueu01
325,Cedi Osman,SF,27,CLE,13,278,10.4,0.571,0.538,0.264,1.3,11.7,6.5,12.4,0.2,0.3,9.8,17.5,0.3,0.2,0.5,0.094,,-1.3,-0.6,-1.9,0,osmande01
326,Kelly Oubre Jr.,SF,27,CHO,15,462,14.2,0.514,0.471,0.217,3.6,13.3,8.3,6.3,2.4,1,6.3,26,0,0.5,0.5,0.055,,-0.7,-0.7,-1.3,0.1,oubreke01
327,Chris Paul,PG,37,PHO,10,302,17.9,0.522,0.434,0.447,1.9,15.7,8.6,40.4,2.8,0.6,14.2,15.2,0.7,0.4,1.2,0.19,,1.4,2,3.4,0.4,paulch01
328,Cameron Payne,PG,28,PHO,11,240,14.2,0.519,0.433,0.1,1.4,12.4,6.7,26.7,2.3,0.4,14.4,26.5,0,0.3,0.3,0.053,,-0.3,-0.9,-1.2,0.1,payneca01
329,Theo Pinson,SG,27,DAL,2,7,21,1.136,,,0,34,17.3,18,0,0,0,5.7,0,0,0,0.34,,3.4,4.5,7.9,0,pinsoth01
330,Scotty Pippen Jr.,PG,22,LAL,2,8,-0.2,0.399,0,2,12.9,13.3,13.1,0,0,0,21,25,0,0,0,-0.14,,-13,-6.2,-19.2,0,pippesc02
331,Mason Plumlee,C,32,CHO,15,399,17.9,0.644,0,0.636,11.5,24.5,17.8,22,1.1,1.8,19.9,14.9,0.8,0.5,1.3,0.157,,0.2,1.4,1.6,0.4,plumlma01
332,Jakob Poeltl,C,27,SAS,14,400,19.6,0.621,0,0.364,14.3,24.1,19,18.4,1.5,3.4,19.4,17.6,0.6,0.4,1,0.122,,0.5,0.4,0.8,0.3,poeltja01
333,Aleksej Pokusevski,PF,21,OKC,12,293,14.9,0.542,0.413,0.125,7.2,18.5,12.7,9.6,1.6,6,15.4,18.3,0,0.4,0.5,0.076,,-0.8,0.4,-0.3,0.1,pokusal01
334,Jordan Poole,SG,23,GSW,14,400,13.8,0.575,0.53,0.281,0.9,6,3.5,22,2,0.4,16.8,26.4,0.1,0.2,0.3,0.041,,-0.7,-1.7,-2.4,0,poolejo01
335,Kevin Porter Jr.,PG,22,HOU,14,487,14,0.515,0.342,0.364,4.5,13.8,9,26,1.9,0.7,17.4,26.5,0,0.2,0.2,0.017,,-0.5,-1.9,-2.3,0,porteke02
336,Michael Porter Jr.,SF,24,DEN,12,349,18.8,0.651,0.567,0.127,5.2,19.4,12.4,6.2,1.1,0.8,6.7,21.8,0.8,0.3,1.1,0.153,,3.2,-1.6,1.6,0.3,portemi01
337,Otto Porter Jr.,SF,29,TOR,8,146,14.3,0.656,0.567,0.267,4.3,10.6,7.3,7.4,3.7,0,10.7,10.8,0.3,0.2,0.4,0.142,,-1,1.5,0.6,0.1,porteot01
338,Bobby Portis,PF,27,MIL,13,344,17.9,0.517,0.323,0.146,10.8,31.1,21.1,12.3,0.7,0.7,7.7,22,0.4,0.7,1.1,0.151,,1.2,-0.3,0.9,0.3,portibo01
339,Kristaps Porzi??is,PF,27,WAS,13,403,22.9,0.614,0.399,0.356,8.1,20.5,14.5,12.7,1.2,3.9,9.6,26.4,1,0.6,1.6,0.189,,3.7,0.5,4.2,0.6,porzikr01
340,Micah Potter,PF,24,UTA,2,12,17.5,1,0,0,9,18.2,13.6,11.6,0,0,0,6.9,0.1,0,0.1,0.244,,1.9,0.6,2.6,0,pottemi01
341,Dwight Powell,C,31,DAL,9,166,15.3,0.676,0.028,0.389,11.1,13.6,12.4,1.8,1.8,2.2,12.5,13.2,0.4,0.2,0.6,0.16,,-1.1,-0.1,-1.2,0,poweldw01
342,Norman Powell,SG,29,LAC,14,352,11,0.539,0.374,0.338,1.7,9.8,6,8.8,1.8,1,14.9,23.7,-0.3,0.5,0.2,0.022,,-3.7,-0.4,-4.1,-0.2,powelno01
343,Jason Preston,PG,23,LAC,1,3,-25.8,0,1,2,0,0,0,0,0,0,0,27.9,0,0,0,-0.721,,-22.6,-11.1,-33.7,0,prestja01
344,Joshua Primo,SG,20,SAS,4,93,6.4,0.467,0.462,0.346,2.3,13.5,7.8,25.1,0.5,1.7,26.9,18.2,-0.1,0,-0.1,-0.056,,-4.5,-1.9,-6.3,-0.1,primojo01
345,Taurean Prince,SF,28,MIN,14,278,11.4,0.654,0.549,0.207,2.4,11.2,7,7.4,0.7,1,11.8,15.4,0.4,0.1,0.5,0.092,,-1.4,-1.4,-2.8,-0.1,princta02
346,Payton Pritchard,PG,25,BOS,7,74,13.7,0.532,0.455,0.121,12.2,10.4,11.3,16.3,2,0,20.6,26.1,-0.1,0.1,0,0.001,,-1.5,-2.6,-4.1,0,pritcpa01
347,Immanuel Quickley,PG,23,NYK,13,278,13.2,0.484,0.472,0.255,3,21.2,12,20.9,2.6,0.7,13.2,20.2,0,0.4,0.4,0.062,,-2.1,1.1,-1,0.1,quickim01
348,Julius Randle,PF,28,NYK,13,435,17.6,0.578,0.383,0.444,7.8,20.6,14.1,15.4,0.9,0.6,14.3,26,0.6,0.4,1,0.107,,1.5,-1.2,0.3,0.2,randlju01
349,Austin Reaves,SG,24,LAL,13,350,10.7,0.643,0.507,0.465,2.7,10.1,6.3,8.1,0.8,1,14.1,12,0.4,0.2,0.6,0.085,,-1.8,-0.4,-2.2,0,reaveau01
350,Cam Reddish,SF,23,NYK,13,277,10.5,0.542,0.419,0.161,1.5,7.6,4.5,7.1,1.5,2,8.3,16.2,0.1,0.2,0.3,0.055,,-2,-0.5,-2.5,0,reddica01
351,Davon Reed,SG,27,DEN,9,52,-1.1,0.472,0.467,0.133,0,8.5,4.3,2.3,2.8,0,33.5,19.6,-0.2,0,-0.2,-0.175,,-9.3,-2.7,-12,-0.1,reedda01
352,Paul Reed,C,23,PHI,11,79,6.7,0.231,0.154,0,7.3,19,13.2,1.6,6.9,5.9,18.8,9.1,-0.2,0.2,0.1,0.035,,-9.5,5.2,-4.3,0,reedpa01
353,Naz Reid,C,23,MIN,9,118,19.9,0.652,0.377,0.226,5.7,15.8,10.9,4.2,1.6,5.3,10.7,23.3,0.2,0.1,0.3,0.13,,0.8,0.7,1.5,0.1,reidna01
354,Nick Richards,C,25,CHO,15,286,21.7,0.687,0,0.588,15.3,17.7,16.5,6.5,0.2,3.7,10.1,17.5,1,0.2,1.2,0.208,,1.4,-1.3,0.1,0.1,richani01
355,Josh Richardson,SG,29,SAS,13,304,11.1,0.564,0.574,0.27,1.4,10.2,5.7,17.5,1.4,0.5,16.8,21,0.1,0.1,0.1,0.023,,-2.1,-2.3,-4.4,-0.2,richajo01
356,Austin Rivers,SG,30,MIN,7,44,3.9,0.418,0.556,0.444,0,9.4,4.9,5.5,0,2,8.5,11.3,0,0,0,-0.018,,-5.9,-1.9,-7.8,-0.1,riverau01
357,Duncan Robinson,SF,28,MIA,14,246,7.5,0.493,0.747,0.11,1.4,13.6,7.3,10.8,0.2,0,6.8,18.3,0,0.1,0.1,0.017,,-2.8,-2.1,-4.8,-0.2,robindu01
358,Mitchell Robinson,C,24,NYK,8,174,18.1,0.664,0,0.424,16.5,13.9,15.2,6.3,0.8,9.5,11.3,10.5,0.4,0.2,0.6,0.179,,-0.2,1.7,1.5,0.1,robinmi01
359,Jeremiah Robinson-Earl,PF,22,OKC,13,233,16.4,0.628,0.5,0.141,6.5,17.2,11.7,5.2,2.2,1.5,6.8,15.8,0.5,0.3,0.8,0.157,,0.6,-0.1,0.5,0.2,robinje02
360,Isaiah Roby,PF,24,SAS,9,96,12,0.451,0.367,0.333,3.4,20.3,11.6,16.8,2.5,2.5,8,16.1,0,0.1,0.1,0.045,,-1.9,1,-0.8,0,robyis01
361,David Roddy,PF,21,MEM,14,251,8.2,0.458,0.53,0.12,5.2,11,8.1,4.7,1.3,1.8,7.4,15.6,0,0.2,0.2,0.033,,-3.2,-0.9,-4.1,-0.1,roddyda01
362,Ryan Rollins,PG,20,GSW,5,21,-1.5,0.676,0.375,0.25,0,15.5,8,13.7,0,0,44.1,31.9,-0.1,0,-0.1,-0.246,,-13.2,-5,-18.2,-0.1,rolliry01
363,Derrick Rose,PG,34,NYK,13,173,11.5,0.482,0.42,0.086,2.4,12.8,7.5,23.6,1.4,1.1,15.1,23.7,-0.1,0.1,0,0,,-1.4,-1.6,-3,0,rosede01
364,Terrence Ross,SG,31,ORL,13,343,9.4,0.558,0.519,0.083,2.1,9,5.8,8.5,1.1,0.8,11.8,16,0.1,0.2,0.4,0.052,,-2.3,-0.5,-2.8,-0.1,rosste01
365,Terry Rozier,PG,28,CHO,8,286,14.1,0.485,0.467,0.114,4.4,11.2,7.7,23.4,0.8,0.9,9.3,28.5,-0.1,0.2,0.1,0.016,,1.8,-2.3,-0.6,0.1,roziete01
366,D'Angelo Russell,PG,26,MIN,14,421,13.9,0.522,0.469,0.24,2.9,9.1,6.1,29.4,2,1.7,17.8,23.6,0,0.3,0.3,0.04,,-0.1,-1,-1.1,0.1,russeda01
367,Matt Ryan,SF,25,LAL,10,122,6.6,0.509,0.705,0.114,1.7,9.6,5.6,3.4,0.8,0,6.1,17,0,0.1,0,0.012,,-3.2,-2,-5.2,-0.1,ryanma01
368,Domantas Sabonis,PF,26,SAC,12,384,23,0.615,0.1,0.564,9.6,31.9,20.8,29.6,1.4,1.3,13.4,22.8,1.3,0.4,1.7,0.212,,2.9,1.8,4.7,0.6,sabondo01
369,Dario Šari?,PF,28,PHO,7,63,9.2,0.356,0.391,0.087,16,20.8,18.3,12.7,2.4,0,11.2,18.5,-0.1,0.1,0,0.024,,-3.8,-1.2,-5,0,saricda01
370,Jordan Schakel,SF,24,WAS,2,6,25.5,0.75,0.5,0,0,0,0,24.9,8.2,0,0,14.8,0,0,0,0.341,,7.4,9.6,17,0,schakjo01
371,Admiral Schofield,PF,25,ORL,5,32,6.1,0.667,0.833,0,0,16.6,8.8,0,0,0,0,8.1,0,0,0.1,0.087,,-4,-0.4,-4.4,0,schofad01
372,Dereon Seabron,SG,22,NOP,2,3,0,,,,0,0,0,0,0,0,,0,0,0,0,0.005,,-5.7,-3.4,-9.1,0,seabrde01
373,Alperen ?engün,C,20,HOU,12,318,22.8,0.643,0.123,0.525,13.9,21.9,17.7,12.2,1.2,3.1,14.3,22.5,0.9,0.2,1.1,0.171,,1.9,-1.4,0.5,0.2,sengual01
374,Collin Sexton,SG,24,UTA,15,332,16.3,0.589,0.3,0.427,4.6,9.6,7.1,12.1,1.6,0.2,12.3,25.4,0.5,0.3,0.8,0.114,,-0.1,-1.1,-1.1,0.1,sextoco01
375,Landry Shamet,SG,25,PHO,9,146,10.4,0.565,0.66,0.26,1.5,3.3,2.4,10.4,1.7,0.6,12.6,19,0.1,0.1,0.2,0.065,,-1.6,-1.1,-2.7,0,shamela01
376,Day'Ron Sharpe,C,21,BRK,10,89,9.6,0.472,0.048,0.476,12.9,27.3,20.2,9.3,1.7,5.1,24,16.8,-0.1,0.2,0.1,0.042,,-6.8,0.4,-6.4,-0.1,sharpda01
377,Shaedon Sharpe,SG,19,POR,12,250,11.8,0.601,0.318,0.129,4.7,9.3,7.1,3.2,0.8,1.1,9.1,17.4,0.2,0.2,0.5,0.088,,-1.5,-0.9,-2.4,0,sharpsh01
378,Pascal Siakam,C,28,TOR,9,321,24.1,0.565,0.228,0.413,5.3,25.1,14.6,36.3,1.2,1.6,10.8,29.1,0.9,0.3,1.2,0.181,,5.3,0.9,6.2,0.7,siakapa01
379,Ben Simmons,PG,26,BRK,9,245,9.9,0.455,0.022,0.333,4.7,20.7,12.9,29.1,2,1.9,27.9,13.1,-0.1,0.3,0.3,0.054,,-4.1,1.6,-2.5,0,simmobe01
380,Marko Simonovic,C,23,CHI,1,2,-19.1,0,1,0,0,0,0,0,0,0,0,21.4,0,0,0,-0.501,,-19,-13.8,-32.8,0,simonma01
381,Anfernee Simons,SG,23,POR,11,398,15.2,0.559,0.569,0.193,1.2,8,4.7,19.3,1.1,0.5,10.6,27.1,0.4,0.3,0.7,0.089,,1,-1.4,-0.4,0.2,simonan01
382,Jericho Sims,C,24,NYK,8,88,15.6,0.968,0,0.182,11.7,16.8,14.2,1.5,0.5,6.2,14.4,6.5,0.2,0.1,0.3,0.176,,-1.7,0.3,-1.4,0,simsje01
383,Marcus Smart,PG,28,BOS,14,458,13.1,0.534,0.529,0.213,1,9.9,5.5,29.2,1.7,0.7,13.4,16.5,0.7,0.3,1,0.103,,-1.2,-0.2,-1.4,0.1,smartma01
384,Dennis Smith Jr.,PG,25,CHO,13,383,14.9,0.508,0.224,0.088,2.4,10.9,6.6,30.5,3.2,1.8,13.9,16.6,0.3,0.5,0.7,0.091,,-1.6,2,0.4,0.2,smithde03
385,Dru Smith,SG,25,MIA,1,6,7.8,0.333,0.667,0,0,19.9,9.7,0,8.2,0,0,22,0,0,0,-0.045,,-13.6,5,-8.6,0,smithdr01
386,Ish Smith,PG,34,DEN,5,23,-9.6,0.25,0.125,0,0,9.7,4.9,10.5,0,3.9,33.3,22.3,-0.2,0,-0.2,-0.339,,-16,-4.8,-20.8,-0.1,smithis01
387,Jabari Smith Jr.,PF,19,HOU,13,384,7.2,0.442,0.544,0.206,5.2,19.9,12.3,4.1,0.6,3.1,9.2,17.4,-0.3,0.2,-0.1,-0.01,,-4.3,-2,-6.3,-0.4,smithja05
388,Jalen Smith,PF,22,IND,12,286,12.3,0.534,0.434,0.212,8.1,26.6,17.4,6.6,0.3,2.9,13.3,20.3,0,0.2,0.2,0.036,,-1.8,-1.8,-3.6,-0.1,smithja04
389,Jeremy Sochan,PF,19,SAS,13,310,9.5,0.519,0.367,0.111,5.2,13.7,9.3,8.4,1.8,1.6,13.7,14.6,0,0.2,0.1,0.022,,-3.8,-0.7,-4.5,-0.2,sochaje01
390,Jaden Springer,PG,20,PHI,2,4,53.8,0.644,0,0.667,29,28.8,28.9,0,0,23.1,0,43.8,0,0,0,0.471,,11.2,7.3,18.5,0,sprinja01
391,Lamar Stevens,PF,25,CLE,4,53,10.8,0.567,0.133,0.533,4.4,11,7.7,2.7,0,1.8,5.1,16,0.1,0,0.1,0.118,,-4.5,-2.3,-6.8,-0.1,stevela01
392,Isaiah Stewart,C,21,DET,15,407,17.7,0.606,0.45,0.542,10.9,25.7,18.1,7.3,0.9,2.3,9.7,16.9,0.9,0.3,1.2,0.138,,1.3,-1.1,0.1,0.2,stewais01
393,Max Strus,SF,26,MIA,14,460,13,0.597,0.673,0.103,2.5,11.4,6.8,9.1,1.2,1.1,7.5,17.9,0.5,0.4,0.9,0.095,,0.5,-0.7,-0.2,0.2,strusma01
394,Jalen Suggs,PG,21,ORL,9,261,10.4,0.498,0.411,0.274,2.8,8.5,5.8,26.1,2.8,1.4,22,22.6,-0.3,0.3,0,0.005,,-4.5,0,-4.5,-0.2,suggsja01
395,Edmond Sumner,SG,27,BRK,12,207,13.1,0.555,0.4,0.293,2.2,9.6,6,13,2.9,1.8,15.9,21.8,0,0.2,0.2,0.05,,-2.4,0.3,-2.1,0,sumneed01
396,Cole Swider,SF,23,LAL,1,2,2.4,0,1,0,0,53.4,26.2,59.6,0,0,0,21,0,0,0,-0.259,,-5.7,1.7,-4,0,swideco01
397,Jae'Sean Tate,SF,27,HOU,3,68,13.5,0.574,0.25,0.2,12.4,8.2,10.4,22.1,2.1,0,18.7,16.1,0.1,0,0.1,0.093,,-1.3,0.2,-1.1,0,tateja01
398,Jayson Tatum,PF,24,BOS,14,525,27.1,0.641,0.454,0.433,2.4,19.5,11.1,17.4,1.2,3.2,8.6,32.1,1.9,0.6,2.4,0.222,,7,0.2,7.2,1.2,tatumja01
399,Terry Taylor,SG,23,IND,8,94,7.6,0.417,0.381,0.19,7,10.4,8.7,6.7,1,3.9,4.2,10.3,0,0.1,0.1,0.04,,-3.5,-0.6,-4.2,-0.1,taylote01
400,Garrett Temple,SG,36,NOP,2,21,11,0.75,1,0,0,5.4,2.7,6,2.3,0,0,8,0,0,0.1,0.146,,-0.4,0.5,0,0,templga01
401,Dalen Terry,SG,20,CHI,8,28,4.6,0.414,0.3,0.2,0,8.2,4,19.6,1.7,6.4,26.9,22.7,-0.1,0,-0.1,-0.118,,-6.1,-0.5,-6.6,0,terryda01
402,Cam Thomas,SG,21,BRK,9,175,14.2,0.532,0.234,0.531,0.7,9.5,5.1,16.8,2,1,9.2,22.3,0.1,0.2,0.3,0.082,,-1.5,-0.1,-1.6,0,thomaca02
403,Klay Thompson,SG,32,GSW,11,314,8.5,0.467,0.631,0.071,1.1,11.8,6.6,12.3,0.9,1.4,9.4,25.7,-0.5,0.2,-0.3,-0.049,,-2.7,-2.5,-5.2,-0.3,thompkl01
404,JT Thor,PF,20,CHO,13,143,6.4,0.417,0.526,0.237,5.8,15.4,10.5,7.4,1,3.1,17.7,15,-0.2,0.1,-0.1,-0.029,,-4.8,-0.6,-5.5,-0.1,thorjt01
405,Matisse Thybulle,SG,25,PHI,13,170,6.7,0.353,0.593,0.111,2.7,10.8,6.8,6.2,3.8,2.7,6.6,8,-0.1,0.3,0.2,0.044,,-5,3.3,-1.7,0,thybuma01
406,Xavier Tillman Sr.,PF,24,MEM,8,91,10,0.519,0.174,0.391,13,14,13.5,8.7,0,2,20.6,15.5,0,0.1,0,0.025,,-3.3,-1.4,-4.7,-0.1,tillmxa01
407,Isaiah Todd,PF,21,WAS,3,9,-0.1,0.333,0.667,0,0,0,0,0,0,0,0,14.8,0,0,0,-0.111,,-6.8,-4.1,-10.9,0,toddis01
408,Obi Toppin,PF,24,NYK,13,231,17.5,0.607,0.529,0.087,4.9,18.2,11.5,9.4,1.6,1.2,11.5,21.8,0.3,0.2,0.5,0.11,,2.7,-0.6,2.1,0.2,toppiob01
409,Juan Toscano-Anderson,SF,29,LAL,10,123,3.7,0.478,0.44,0.2,0.8,17.4,9,5.4,1.2,2.1,22.7,12,-0.2,0.1,-0.1,-0.027,,-7.4,0.1,-7.3,-0.2,toscaju01
410,Karl-Anthony Towns,PF,27,MIN,14,480,20.6,0.636,0.383,0.311,6.3,22.2,14.6,23.3,0.9,1.7,14.9,24.2,1.2,0.5,1.7,0.168,,3.1,0.3,3.5,0.7,townska01
411,Gary Trent Jr.,SG,24,TOR,14,448,13.5,0.535,0.487,0.256,2.4,4.5,3.4,6.8,2.1,0.7,6.1,21.7,0.4,0.3,0.7,0.072,,-0.7,-1.4,-2.1,0,trentga02
412,P.J. Tucker,PF,37,PHI,14,398,7.3,0.697,0.511,0.085,5.2,12.5,8.9,3.7,1,1.6,23.5,7.2,0.2,0.4,0.6,0.073,,-3.2,0,-3.2,-0.1,tuckepj01
413,Myles Turner,C,26,IND,7,198,22.2,0.656,0.36,0.613,6.1,27.4,16.8,7.5,0.5,10.1,12,22.3,0.5,0.3,0.8,0.192,,1.3,1.7,3,0.3,turnemy01
414,Jonas Valan?i?nas,C,30,NOP,13,316,22.8,0.593,0.124,0.403,15.1,31.8,23.3,12.5,1.1,1.2,10.1,22.6,0.9,0.4,1.4,0.209,,3,-0.9,2.1,0.3,valanjo01
415,Jarred Vanderbilt,PF,23,UTA,13,323,15.9,0.626,0.195,0.207,10.4,25.8,18,14.7,2.5,1.3,20.4,14.5,0.5,0.6,1,0.15,,-1,2.2,1.2,0.3,vandeja01
416,Fred VanVleet,PG,28,TOR,10,365,19.5,0.567,0.565,0.238,1.7,10.1,5.7,27.5,3.1,1.9,7.9,20.4,0.9,0.4,1.3,0.174,,3.9,1.4,5.3,0.7,vanvlfr01
417,Devin Vassell,SG,22,SAS,10,309,17.1,0.57,0.456,0.156,0.3,14.8,7.4,18,1.2,1,7.1,24.6,0.4,0.1,0.5,0.085,,2.7,-1.4,1.4,0.3,vassede01
418,Gabe Vincent,PG,26,MIA,14,362,10,0.529,0.555,0.202,1.2,9.2,5.1,17.1,1.8,0.6,13.4,18.2,0,0.3,0.3,0.045,,-3.1,-0.1,-3.2,-0.1,vincega01
419,Noah Vonleh,C,27,BOS,12,127,7.7,0.578,0.105,0.105,14.3,17.4,15.8,4,0.8,3.9,31.2,10,0.1,0.1,0.2,0.066,,-5.7,-0.3,-6,-0.1,vonleno01
420,Nikola Vu?evi?,C,32,CHI,14,436,17.4,0.576,0.341,0.196,9.4,32.6,20.8,14.3,0.3,2.2,14.9,22.4,0.4,0.6,1,0.112,,1,-0.2,0.8,0.3,vucevni01
421,Dean Wade,PF,26,CLE,11,251,12.2,0.716,0.706,0.216,2.3,14.4,8.4,6,1.2,1.5,6.7,10.3,0.5,0.3,0.8,0.162,,0.5,2,2.5,0.3,wadede01
422,Franz Wagner,SF,21,ORL,14,477,15.6,0.562,0.249,0.207,3.8,9.6,6.9,21.4,1.1,0.8,14.4,24.6,0.5,0.3,0.8,0.078,,-0.2,-1.3,-1.4,0.1,wagnefr01
423,Jabari Walker,SF,20,POR,8,72,15.3,0.586,0.294,0.353,8.2,23,15.8,16.5,0.7,1.3,9.2,13.2,0.2,0.1,0.2,0.164,,0.2,1.3,1.5,0.1,walkeja01
424,Lonnie Walker IV,SG,24,LAL,11,342,14.7,0.576,0.389,0.222,1.5,6.9,4.1,8.7,1.7,1.7,7.1,20.9,0.3,0.3,0.6,0.084,,-0.2,0.1,-0.1,0.2,walkelo01
425,John Wall,PG,32,LAC,10,226,17.3,0.494,0.327,0.292,2.1,8.8,5.6,37.7,2.4,1.2,10.5,28,0.1,0.3,0.4,0.082,,0.4,0.3,0.7,0.2,walljo01
426,Duane Washington Jr.,SG,22,PHO,6,36,16,0.517,0.552,0,0,0,0,26.2,0,0,6.5,37.4,0,0,0,0.003,,6.3,-5.2,1,0,washidu02
427,P.J. Washington,PF,24,CHO,15,473,11.2,0.517,0.385,0.185,4.2,11.4,7.7,8.3,0.9,3,11,21.1,-0.1,0.4,0.3,0.026,,-2.1,-1.1,-3.1,-0.1,washipj01
428,TyTy Washington Jr.,PG,21,HOU,1,4,5.6,0.568,,,0,0,0,0,0,0,0,9,0,0,0,0.021,,-4.2,-4.6,-8.8,0,washity02
429,Yuta Watanabe,SF,28,BRK,11,183,15.3,0.723,0.533,0.067,4.4,13.3,8.9,5.7,0.8,3.5,6.1,12.1,0.4,0.2,0.6,0.145,,2.3,-0.4,1.9,0.2,watanyu01
430,Lindy Waters III,SG,25,OKC,2,16,-1.1,0.25,1,0,6.3,6.8,6.5,0,0,0,0,15.5,0,0,0,-0.129,,-7.8,-5.7,-13.5,0,waterli01
431,Trendon Watford,PF,22,POR,5,92,10.7,0.531,0.2,0.4,3.8,15.6,9.9,20.2,3.2,0,22.9,14.6,0,0.1,0.2,0.085,,-4.5,3.4,-1.1,0,watfotr01
432,Peyton Watson,SG,20,DEN,4,9,15.8,0.429,0,0,25.2,12.3,18.7,0,0,0,0,33.2,0,0,0,-0.002,,-1.4,-6.7,-8.1,0,watsope01
433,Blake Wesley,SG,19,SAS,2,23,20.7,0.743,0.333,0.444,4.7,5,4.8,28.7,0,0,15.7,22.9,0.1,0,0.1,0.154,,3.1,-1.7,1.4,0,weslebl01
434,Russell Westbrook,PG,34,LAL,12,352,16.2,0.522,0.321,0.315,4.1,15.8,9.8,37.8,1.9,1.2,19.3,27.8,-0.1,0.4,0.3,0.035,,0.6,-0.5,0.1,0.2,westbru01
435,Coby White,PG,22,CHI,7,153,7.5,0.483,0.618,0.164,0.7,8.2,4.4,11.2,1.6,0,9.2,18.1,-0.1,0.1,0,0.012,,-4.3,-0.9,-5.3,-0.1,whiteco01
436,Derrick White,SG,28,BOS,14,358,13.4,0.576,0.51,0.245,2.5,11.4,7,16.1,1.4,2.8,6.9,14.3,0.7,0.3,1,0.128,,0,0.9,0.9,0.3,whitede01
437,Jack White,SF,25,DEN,2,4,15.6,,,,0,27.8,14,0,11.9,0,,0,0,0,0,0.176,,-3.5,10.5,6.9,0,whiteja03
438,Aaron Wiggins,SG,24,OKC,11,228,10.4,0.532,0.37,0.259,4,16.6,10.1,11.4,1.2,1.5,13,12.5,0.1,0.2,0.4,0.079,,-2.3,-0.3,-2.5,0,wiggiaa01
439,Andrew Wiggins,SF,27,GSW,13,434,17.3,0.593,0.428,0.166,5.6,13.5,9.7,10.6,1.9,2.7,7.8,21.2,0.7,0.4,1.1,0.123,,1.4,0.1,1.5,0.4,wiggian01
440,Grant Williams,PF,24,BOS,13,367,14.2,0.759,0.614,0.314,3.1,16.5,9.9,8.3,1.2,1.8,10.1,10.6,0.9,0.3,1.2,0.156,,0.9,1,1.8,0.4,willigr01
441,Jalen Williams,SG,21,OKC,10,228,12,0.603,0.313,0.09,1.3,10.4,5.7,14.1,1.9,1.5,15.7,15,0.2,0.2,0.4,0.082,,-2.9,0.6,-2.3,0,willija06
442,Jaylin Williams,PF,20,OKC,3,21,19.3,0.424,0.222,0.111,24,25.8,24.9,13.2,2.2,0,0,18.6,0,0,0.1,0.157,,0.9,-0.6,0.3,0,willija07
443,Kenrich Williams,PF,28,OKC,13,266,12.6,0.528,0.338,0.132,9.1,11.8,10.4,10.5,1.6,0.7,5.3,11.8,0.4,0.2,0.6,0.115,,-0.9,-0.5,-1.4,0,willike04
444,Mark Williams,C,21,CHO,3,13,28.1,0.661,0,0.429,32,33.9,32.9,0,0,0,19.4,33.5,0,0,0.1,0.185,,1.3,-3.3,-2,0,willima07
445,Patrick Williams,PF,21,CHI,14,352,11.1,0.56,0.364,0.127,5.3,11.4,8.3,4.5,1.5,4,15.3,16.7,0,0.4,0.4,0.054,,-2.3,0.4,-1.9,0,willipa01
446,Vince Williams Jr.,SG,22,MEM,3,18,4.9,0.167,0.833,0,6,11.8,8.9,13.4,5.4,5.1,0,13.8,0,0,0,-0.02,,-8.2,4.2,-4,0,willivi01
447,Zion Williamson,PF,22,NOP,11,354,23.2,0.615,0.034,0.463,7.2,15.2,11.1,19.9,1.6,0.8,12.5,28.7,0.9,0.4,1.3,0.172,,3.6,0.1,3.7,0.5,willizi01
448,Justise Winslow,SF,26,POR,11,293,11.7,0.449,0.225,0.202,7.6,12.8,10.3,19.6,2.4,1.9,12.6,16.6,0,0.4,0.5,0.075,,-2.5,1.9,-0.6,0.1,winslju01
449,James Wiseman,C,21,GSW,11,147,15.9,0.614,0,0.451,8.6,22.9,16,11,0.3,2.4,11.6,19.9,0.3,0.1,0.4,0.131,,-2.3,-0.5,-2.8,0,wisemja01
450,Christian Wood,PF,27,DAL,10,247,20.3,0.661,0.307,0.436,6.5,29.9,18.4,5.8,1,1.8,16.6,26.5,0.3,0.3,0.7,0.135,,1.2,-0.8,0.4,0.2,woodch01
451,Delon Wright,PG,30,WAS,4,91,16.9,0.496,0.5,0.208,5,7.1,6,19.7,5.9,3.9,13.2,14.7,0,0.2,0.3,0.132,,0.2,6.4,6.6,0.2,wrighde01
452,McKinley Wright IV,PG,24,DAL,1,5,26.4,0.25,0.25,0,24.6,23.8,24.2,67.6,10.1,0,0,36.3,0,0,0,0.053,,-0.4,7,6.6,0,wrighmc01
453,Thaddeus Young,PF,34,TOR,12,166,15,0.532,0.25,0.278,10.8,13.6,12.1,13.9,3.5,1.2,12.9,11.8,0.2,0.2,0.5,0.133,,-1.2,1.3,0.1,0.1,youngth01
454,Trae Young,PG,24,ATL,13,456,20.2,0.516,0.333,0.378,2.5,6.9,4.7,39.4,1.1,0.4,12.2,35,0.6,0.3,0.9,0.096,,5,-2.6,2.4,0.5,youngtr01
455,Ivica Zubac,C,25,LAC,14,424,16.2,0.627,0.01,0.474,10.8,27.9,19.9,6.3,0.9,6.3,20.9,15.5,0.3,0.9,1.2,0.136,,-2.4,1.6,-0.8,0.1,zubaciv01
